Time[s];bearing;ele;hdop;heading;lat;lon;speed [m/s];time;speed [km/h]
1;352.1;112.5;6.7;0;39.6328324;22.4139978;1;2023-02-15T14:38:01Z;3.6
2;;112.5;7.2;0;39.6328292;22.4140081;0;2023-02-15T14:38:02Z;0
3;;112.5;7.7;0;39.6328255;22.414017;0;2023-02-15T14:38:02Z;0
4;;112.5;7.7;0;39.6328234;22.4140224;0;2023-02-15T14:38:03Z;0
5;;112.5;8.6;0;39.6328277;22.4140432;0;2023-02-15T14:38:04Z;0
6;;112.5;9.9;0;39.6328315;22.4140493;0;2023-02-15T14:38:05Z;0
7;;112.5;10.4;0;39.6328329;22.4140499;0;2023-02-15T14:38:06Z;0
8;;112.5;10;0;39.6328334;22.4140505;0;2023-02-15T14:38:07Z;0
9;;112.5;9.4;0;39.6328334;22.4140496;0;2023-02-15T14:38:08Z;0
10;;112.5;9.2;0;39.6328331;22.4140468;;2023-02-15T14:38:09Z;0
11;;112.5;8.6;0;39.6328387;22.4140557;0;2023-02-15T14:38:09Z;0
12;;112.5;8.4;0;39.6328381;22.4140545;0;2023-02-15T14:38:10Z;0
13;;112.5;7.9;0;39.6328382;22.4140541;0;2023-02-15T14:38:11Z;0
14;;112.5;7.6;0;39.632838;22.4140527;0;2023-02-15T14:38:12Z;0
15;;112.5;6.8;0;39.6328296;22.4140236;0.1;2023-02-15T14:38:13Z;0.36
16;247.4;112.5;6;0;39.6328268;22.4140128;0.2;2023-02-15T14:38:14Z;0.72
17;258.4;112.5;5.6;0;39.6328269;22.4140117;0.1;2023-02-15T14:38:15Z;0.36
18;;112.5;5.5;0;39.6328272;22.4140127;0;2023-02-15T14:38:16Z;0
19;;112.5;5.1;0;39.6328273;22.414013;0;2023-02-15T14:38:17Z;0
20;;112.5;4.6;0;39.6328274;22.4140133;0;2023-02-15T14:38:18Z;0
21;;112.5;4.6;0;39.6328257;22.4140114;0.1;2023-02-15T14:38:19Z;0.36
22;42.3;112.5;4.6;0;39.6328285;22.4140146;0.3;2023-02-15T14:38:20Z;1.08
23;43.2;112.5;4.6;0;39.6328295;22.4140159;0.2;2023-02-15T14:38:21Z;0.72
24;45.7;112.5;4.6;0;39.6328299;22.4140167;0.2;2023-02-15T14:38:22Z;0.72
25;;112.5;4.7;0;39.6328284;22.414015;0;2023-02-15T14:38:23Z;0
26;;112.5;4.9;0;39.6328274;22.414014;0;2023-02-15T14:38:24Z;0
27;;112.5;5;0;39.6328272;22.4140137;0;2023-02-15T14:38:25Z;0
28;;112.5;5.2;0;39.6328271;22.4140135;0;2023-02-15T14:38:26Z;0
29;;112.5;5.5;0;39.6328259;22.4140123;0.1;2023-02-15T14:38:27Z;0.36
30;;112.5;5.7;0;39.6328254;22.414012;0.1;2023-02-15T14:38:28Z;0.36
31;;112.5;6.1;0;39.6328251;22.4140118;0;2023-02-15T14:38:29Z;0
32;;112.5;6.5;0;39.632825;22.4140119;0;2023-02-15T14:38:30Z;0
33;;112.5;6.6;0;39.632825;22.414012;0;2023-02-15T14:38:31Z;0
34;;112.5;7;0;39.6328249;22.414012;0;2023-02-15T14:38:32Z;0
35;;112.5;7.4;0;39.6328248;22.414012;0;2023-02-15T14:38:33Z;0
36;;112.5;7.6;0;39.6328247;22.4140119;0;2023-02-15T14:38:34Z;0
37;;112.5;7.7;0;39.6328249;22.4140123;0;2023-02-15T14:38:35Z;0
38;;112.5;7.8;0;39.6328251;22.4140126;0;2023-02-15T14:38:36Z;0
39;277.9;112.5;7.6;0;39.6328295;22.4140143;0.2;2023-02-15T14:38:37Z;0.72
40;236.9;112.5;7.3;0;39.6328326;22.4140201;0.4;2023-02-15T14:38:38Z;1.44
41;323.2;112.5;6.9;0;39.6328526;22.4140221;0.9;2023-02-15T14:38:39Z;3.24
42;338.1;112.5;6.7;0;39.6328659;22.41401;1.3;2023-02-15T14:38:40Z;4.68
43;6;112.5;6.6;0;39.632885;22.414018;2.4;2023-02-15T14:38:41Z;8.64
44;3.1;112.5;6.3;0;39.6329026;22.4140281;2.3;2023-02-15T14:38:42Z;8.28
45;9;112.5;6.8;0;39.6329166;22.4140303;2.2;2023-02-15T14:38:43Z;7.92
46;10.2;112.4;8.2;0;39.6329416;22.4140414;2.3;2023-02-15T14:38:44Z;8.28
47;10.8;112.4;8.6;0;39.6329524;22.4140463;2.3;2023-02-15T14:38:44Z;8.28
48;7.2;112.4;9.2;0;39.6329723;22.4140497;3.3;2023-02-15T14:38:45Z;11.88
49;6.7;112.4;9.9;0;39.6329915;22.4140519;3.7;2023-02-15T14:38:45Z;13.32
50;7.2;112.4;10.6;0;39.6330287;22.4140586;4.2;2023-02-15T14:38:46Z;15.12
51;9.8;112.4;11.4;0;39.6330362;22.4140698;4.3;2023-02-15T14:38:46Z;15.48
52;11.9;112.4;12.2;0;39.6330656;22.4140861;4.5;2023-02-15T14:38:47Z;16.2
53;11.7;112.4;12.9;0;39.6331061;22.4141116;4.6;2023-02-15T14:38:48Z;16.56
54;9.6;112.4;13;0;39.6331303;22.4141218;4.6;2023-02-15T14:38:48Z;16.56
55;9.4;112.4;12.8;0;39.6331559;22.4141341;4.7;2023-02-15T14:38:49Z;16.92
56;8.6;112.4;12.9;0;39.6331768;22.4141425;4.8;2023-02-15T14:38:49Z;17.28
57;6;112.4;13.1;0;39.6332272;22.4141517;4.9;2023-02-15T14:38:50Z;17.64
58;5.1;112.4;12.8;0;39.6332603;22.414156;4.7;2023-02-15T14:38:51Z;16.92
59;5.9;112.4;13.3;0;39.6332728;22.4141593;4.6;2023-02-15T14:38:51Z;16.56
60;7.3;112.4;14;0;39.6333052;22.4141669;4.4;2023-02-15T14:38:52Z;15.84
61;9.1;112.4;14.9;0;39.6333262;22.4141764;4.3;2023-02-15T14:38:52Z;15.48
62;10.6;112.4;15.6;0;39.6333562;22.4141877;4.3;2023-02-15T14:38:53Z;15.48
63;18.4;112.4;16.8;0;39.6333971;22.414215;4.2;2023-02-15T14:38:54Z;15.12
64;6.6;112.4;16.4;0;39.633402;22.4142138;3.3;2023-02-15T14:38:54Z;11.88
65;355.5;112.4;16.9;0;39.6334384;22.4142112;3.5;2023-02-15T14:38:55Z;12.6
66;352.6;112.4;17;0;39.6334717;22.4142002;3;2023-02-15T14:38:56Z;10.8
67;7.3;112.4;15.2;0;39.633503;22.4142045;3.4;2023-02-15T14:38:57Z;12.24
68;14.8;112.4;13.2;0;39.6335295;22.41422;2.3;2023-02-15T14:38:58Z;8.28
69;346.2;112.4;11.9;0;39.6335454;22.4142239;1.8;2023-02-15T14:38:59Z;6.48
70;355.4;112.4;11.5;0;39.6335547;22.4142075;1.3;2023-02-15T14:39:00Z;4.68
71;344.6;112.4;11.2;0;39.6335574;22.4141901;1.1;2023-02-15T14:39:01Z;3.96
72;331.5;112.4;10.8;0;39.6335646;22.4141687;0.9;2023-02-15T14:39:02Z;3.24
73;316.6;112.4;10.8;0;39.6335712;22.4141471;1.2;2023-02-15T14:39:03Z;4.32
74;301.4;112.4;10.6;0;39.6335756;22.414118;1.6;2023-02-15T14:39:04Z;5.76
75;295.3;112.4;10.6;0;39.6335802;22.414088;1.7;2023-02-15T14:39:05Z;6.12
76;290.6;112.4;10.5;0;39.6335829;22.4140599;1.6;2023-02-15T14:39:06Z;5.76
77;284.3;112.4;10.5;0;39.6335817;22.4140318;1.7;2023-02-15T14:39:07Z;6.12
78;277.9;112.4;10.4;0;39.6335788;22.4140042;1.8;2023-02-15T14:39:08Z;6.48
79;276;112.4;10.4;0;39.6335744;22.4139762;2;2023-02-15T14:39:09Z;7.2
80;275.6;112.4;10.6;0;39.6335678;22.4139453;2.5;2023-02-15T14:39:10Z;9
81;275.5;112.4;10.8;0;39.6335607;22.4139086;3;2023-02-15T14:39:11Z;10.8
82;276.2;112.4;11.1;0;39.6335551;22.4138722;2.8;2023-02-15T14:39:12Z;10.08
83;278.2;112.4;11.2;0;39.6335507;22.4138386;2.6;2023-02-15T14:39:13Z;9.36
84;281;112.4;11.4;0;39.6335479;22.4138065;2.6;2023-02-15T14:39:14Z;9.36
85;282.7;112.4;11.7;0;39.6335477;22.4137716;2.7;2023-02-15T14:39:15Z;9.72
86;279.6;112.4;11.8;0;39.6335443;22.4137405;2.6;2023-02-15T14:39:16Z;9.36
87;272.7;112.4;11.8;0;39.6335369;22.413713;2.5;2023-02-15T14:39:17Z;9
88;271.8;112.4;11.9;0;39.6335311;22.4136853;2.5;2023-02-15T14:39:18Z;9
89;269.8;112.4;11.8;0;39.6335242;22.4136566;2.6;2023-02-15T14:39:19Z;9.36
90;267.8;112.4;11.8;0;39.6335147;22.4136266;2.7;2023-02-15T14:39:20Z;9.72
91;267;112.4;11.6;0;39.6335063;22.4135976;2.6;2023-02-15T14:39:21Z;9.36
92;268.7;112.4;11.4;0;39.6335015;22.4135652;2.6;2023-02-15T14:39:22Z;9.36
93;270.9;112.4;11.4;0;39.6334979;22.4135332;2.6;2023-02-15T14:39:23Z;9.36
94;271.9;112.4;11.3;0;39.633494;22.4135061;2.4;2023-02-15T14:39:24Z;8.64
95;269.7;112.4;11.3;0;39.6334918;22.4134767;2.3;2023-02-15T14:39:25Z;8.28
96;262.3;112.4;11.4;0;39.6334844;22.4134466;2.2;2023-02-15T14:39:26Z;7.92
97;238.4;112.4;11.5;0;39.6334716;22.4134195;1.3;2023-02-15T14:39:27Z;4.68
98;237.7;112.4;11.8;0;39.6334598;22.4134039;1.1;2023-02-15T14:39:28Z;3.96
99;258.8;112.4;12.3;0;39.6334553;22.4133884;1;2023-02-15T14:39:29Z;3.6
100;286.9;112.4;12.4;0;39.6334606;22.4133734;1.1;2023-02-15T14:39:30Z;3.96
101;291.8;112.4;12.4;0;39.6334716;22.41336;0.9;2023-02-15T14:39:31Z;3.24
102;277.5;112.4;12.3;0;39.6334799;22.4133466;1;2023-02-15T14:39:32Z;3.6
103;272.3;112.2;12.1;0;39.6334854;22.413326;1;2023-02-15T14:39:33Z;3.6
104;283.4;112.2;12;0;39.6334868;22.413314;0.9;2023-02-15T14:39:34Z;3.24
105;284;112.2;11.7;0;39.6334852;22.4132986;1.2;2023-02-15T14:39:35Z;4.32
106;261;112.2;11.5;0;39.6334774;22.4132759;1.4;2023-02-15T14:39:36Z;5.04
107;259.6;112.2;11.3;0;39.6334682;22.4132537;1.2;2023-02-15T14:39:37Z;4.32
108;259;112.2;11.1;0;39.6334577;22.4132305;1.1;2023-02-15T14:39:38Z;3.96
109;257.7;112.2;11;0;39.6334528;22.4132196;1.1;2023-02-15T14:39:39Z;3.96
110;254;112.2;10.9;0;39.6334467;22.4132109;1.1;2023-02-15T14:39:40Z;3.96
111;249.6;112.2;10.7;0;39.6334414;22.4132073;1;2023-02-15T14:39:41Z;3.6
112;246.3;112.2;10.5;0;39.6334404;22.4132107;0.7;2023-02-15T14:39:42Z;2.52
113;;112.3;10.4;0;39.633443;22.4132206;0.1;2023-02-15T14:39:43Z;0.36
114;;112.3;10.4;0;39.6334432;22.4132211;0;2023-02-15T14:39:44Z;0
115;179.9;112.3;10.3;0;39.6333985;22.4132229;4.3;2023-02-15T14:39:45Z;15.48
116;182;112.3;10.3;0;39.6333543;22.4132233;5;2023-02-15T14:39:46Z;18
117;178.4;112.3;10.2;0;39.6333073;22.4132239;5.4;2023-02-15T14:39:47Z;19.44
118;178;112.3;10.2;0;39.6332508;22.4132273;6;2023-02-15T14:39:48Z;21.6
119;176.1;112.3;10.3;0;39.6331955;22.4132358;5.9;2023-02-15T14:39:49Z;21.24
120;179;112.3;10.3;0;39.6331294;22.4132398;6.6;2023-02-15T14:39:50Z;23.76
121;178.2;112.3;10.5;0;39.6330634;22.4132406;6.8;2023-02-15T14:39:51Z;24.48
122;178.6;112.3;10.6;0;39.6329993;22.4132403;6.8;2023-02-15T14:39:52Z;24.48
123;180.6;112.3;10.7;0;39.632937;22.4132351;6.4;2023-02-15T14:39:53Z;23.04
124;181.5;112.3;10.9;0;39.6328768;22.4132289;6.3;2023-02-15T14:39:54Z;22.68
125;181.8;112.3;11.2;0;39.6328204;22.4132245;6.2;2023-02-15T14:39:55Z;22.32
126;180.9;112.3;11.2;0;39.6327656;22.4132213;5.8;2023-02-15T14:39:56Z;20.88
127;182.4;112.3;11.2;0;39.6327108;22.4132194;5.8;2023-02-15T14:39:57Z;20.88
128;180.9;112.3;11.2;0;39.6326605;22.4132213;5.4;2023-02-15T14:39:58Z;19.44
129;178.6;112.3;11.1;0;39.6326128;22.4132242;5;2023-02-15T14:39:59Z;18
130;180.4;112.3;10.9;0;39.6325698;22.4132256;4.5;2023-02-15T14:40:00Z;16.2
131;179.6;112.3;10.9;0;39.63253;22.4132252;4.4;2023-02-15T14:40:01Z;15.84
132;179;112.3;10.6;0;39.6325025;22.4132255;3.7;2023-02-15T14:40:02Z;13.32
133;179.9;112.3;10.6;0;39.6324817;22.4132242;3.3;2023-02-15T14:40:03Z;11.88
134;179.8;112.3;10.4;0;39.6324617;22.4132228;2.4;2023-02-15T14:40:04Z;8.64
135;179.8;115.2;10.5;0;39.6324622;22.413222;2.3;2023-02-15T14:40:05Z;8.28
136;179.5;115.2;10.5;0;39.6324486;22.4132225;2.1;2023-02-15T14:40:05Z;7.56
137;173.4;115.2;10.6;0;39.6324287;22.4132261;2.4;2023-02-15T14:40:06Z;8.64
138;169.9;115.2;10.6;0;39.632411;22.4132336;2.9;2023-02-15T14:40:07Z;10.44
139;173.5;115.2;10.7;0;39.6323822;22.4132387;3;2023-02-15T14:40:08Z;10.8
140;177.9;115.2;10.7;0;39.6323533;22.4132401;2.9;2023-02-15T14:40:09Z;10.44
141;179.8;115.2;10.6;0;39.632322;22.4132406;3.1;2023-02-15T14:40:10Z;11.16
142;179.9;115.2;10.6;0;39.6322857;22.4132419;3.4;2023-02-15T14:40:11Z;12.24
143;180.8;115.2;10.6;0;39.632249;22.4132426;3.6;2023-02-15T14:40:12Z;12.96
144;182;115.2;10.6;0;39.6322121;22.4132425;3.4;2023-02-15T14:40:13Z;12.24
145;181.2;115.2;10.5;0;39.6321823;22.4132424;3.3;2023-02-15T14:40:14Z;11.88
146;184.7;115.2;10.5;0;39.6321514;22.41324;3.4;2023-02-15T14:40:15Z;12.24
147;193.2;115.2;10.4;0;39.6321197;22.413233;3.3;2023-02-15T14:40:16Z;11.88
148;208.7;115.2;10.4;0;39.6320891;22.4132172;3.2;2023-02-15T14:40:17Z;11.52
149;233.3;115.2;10.3;0;39.632063;22.4131911;3;2023-02-15T14:40:18Z;10.8
150;271.8;115.2;10.3;0;39.6320464;22.4131487;3.3;2023-02-15T14:40:19Z;11.88
151;281.5;115.2;10.2;0;39.6320421;22.4130948;4.2;2023-02-15T14:40:20Z;15.12
152;290.4;115.2;10.3;0;39.6320471;22.41303;4.9;2023-02-15T14:40:21Z;17.64
153;292.2;115.2;10.3;0;39.6320558;22.4129377;7.2;2023-02-15T14:40:22Z;25.92
154;288.1;115.2;10.3;0;39.6320652;22.4128215;7.9;2023-02-15T14:40:23Z;28.44
155;280.4;115.2;10.3;0;39.6320716;22.4127058;8.4;2023-02-15T14:40:24Z;30.24
156;278.5;115.2;10.4;0;39.6320757;22.4125869;8.8;2023-02-15T14:40:25Z;31.68
157;282.8;115.2;10.4;0;39.6320895;22.4124699;9;2023-02-15T14:40:26Z;32.4
158;285;115.2;10.3;0;39.6321079;22.4123606;9.4;2023-02-15T14:40:27Z;33.84
159;282.1;115.2;10.3;0;39.6321273;22.4122516;9.3;2023-02-15T14:40:28Z;33.48
160;282;115.2;10.3;0;39.6321366;22.4121469;9.1;2023-02-15T14:40:29Z;32.76
161;283;115.2;10.2;0;39.6321528;22.4120396;9.9;2023-02-15T14:40:30Z;35.64
162;285.9;115.2;10.2;0;39.6321753;22.4119296;10;2023-02-15T14:40:31Z;36
163;284.1;115.2;10.3;0;39.6322;22.4118154;10.1;2023-02-15T14:40:32Z;36.36
164;283.1;115.2;10.3;0;39.6322229;22.4116933;10.5;2023-02-15T14:40:33Z;37.8
165;285.9;115.2;10.3;0;39.6322456;22.4115709;10.6;2023-02-15T14:40:34Z;38.16
166;288;115.2;10.3;0;39.6322721;22.411453;10.8;2023-02-15T14:40:35Z;38.88
167;283.3;115.2;10.3;0;39.6322977;22.4113302;11.2;2023-02-15T14:40:36Z;40.32
168;284;115.2;10.3;0;39.6323144;22.4111985;11.7;2023-02-15T14:40:37Z;42.12
169;282.1;115.2;10.3;0;39.632336;22.411062;12.1;2023-02-15T14:40:38Z;43.56
170;285;115.2;10.2;0;39.632361;22.4109206;12;2023-02-15T14:40:39Z;43.2
171;285;115.2;10.2;0;39.6323913;22.4107854;11.7;2023-02-15T14:40:40Z;42.12
172;282;115.2;10.1;0;39.6324191;22.4106464;12.2;2023-02-15T14:40:41Z;43.92
173;284.8;115.2;10.1;0;39.6324464;22.4105115;11.2;2023-02-15T14:40:42Z;40.32
174;285;115.2;10.1;0;39.6324766;22.4103813;10.9;2023-02-15T14:40:43Z;39.24
175;284;115.2;10.1;0;39.6325058;22.4102574;10.6;2023-02-15T14:40:44Z;38.16
176;285.9;115.2;10.1;0;39.6325307;22.4101382;10.1;2023-02-15T14:40:45Z;36.36
177;284;115.2;10.1;0;39.6325564;22.4100287;9.5;2023-02-15T14:40:46Z;34.2
178;285;115.2;10.1;0;39.6325791;22.4099185;10.7;2023-02-15T14:40:47Z;38.52
179;285.9;115.2;10;0;39.6326031;22.4097985;10.3;2023-02-15T14:40:48Z;37.08
180;286;115.2;10;0;39.6326266;22.4096802;10.3;2023-02-15T14:40:49Z;37.08
181;286;115.2;10;0;39.632653;22.4095555;11.9;2023-02-15T14:40:50Z;42.84
182;286;115.2;10;0;39.6326832;22.4094132;12;2023-02-15T14:40:51Z;43.2
183;288.9;115.2;10;0;39.6327127;22.4092802;11.3;2023-02-15T14:40:52Z;40.68
184;285;115.2;9.9;0;39.632747;22.409149;11.8;2023-02-15T14:40:53Z;42.48
185;288;115.2;9.9;0;39.6327788;22.4090158;11.3;2023-02-15T14:40:54Z;40.68
186;286.1;115.2;9.9;0;39.6328117;22.4088905;11.2;2023-02-15T14:40:55Z;40.32
187;287.9;115.2;9.9;0;39.632844;22.4087706;10.9;2023-02-15T14:40:56Z;39.24
188;280.1;115.2;9.9;0;39.6328715;22.4086484;11.2;2023-02-15T14:40:57Z;40.32
189;282.8;115.2;9.9;0;39.6328902;22.4085194;11.2;2023-02-15T14:40:58Z;40.32
190;283.8;115.2;10;0;39.6329138;22.4083902;11;2023-02-15T14:40:59Z;39.6
191;282.9;115.2;10;0;39.632935;22.4082773;9.3;2023-02-15T14:41:00Z;33.48
192;282.1;115.2;10.1;0;39.6329517;22.4081709;9.7;2023-02-15T14:41:01Z;34.92
193;281.4;115.2;10.2;0;39.632967;22.4080676;9.1;2023-02-15T14:41:02Z;32.76
194;284.5;115.2;10.5;0;39.6329865;22.4079814;7.7;2023-02-15T14:41:03Z;27.72
195;274.4;115.2;10.7;0;39.6329872;22.4079234;5.7;2023-02-15T14:41:04Z;20.52
196;255.6;115.2;10.8;0;39.6329664;22.4078945;2.8;2023-02-15T14:41:05Z;10.08
197;280.4;115.2;11.1;0;39.6329594;22.4078872;1.4;2023-02-15T14:41:06Z;5.04
198;281.6;115.2;11;0;39.63296;22.4078886;0.6;2023-02-15T14:41:07Z;2.16
199;143.6;115.2;10.9;0;39.6329541;22.4078976;0.4;2023-02-15T14:41:08Z;1.44
200;140.9;115.2;10.7;0;39.6329498;22.4079093;0.5;2023-02-15T14:41:09Z;1.8
201;139.7;115.2;10.5;0;39.6329493;22.407916;0.5;2023-02-15T14:41:10Z;1.8
202;280.2;115.2;10.4;0;39.6329526;22.4079199;0.1;2023-02-15T14:41:11Z;0.36
203;281.4;115.2;10.3;0;39.6329581;22.4079203;0.1;2023-02-15T14:41:12Z;0.36
204;355.6;115.2;10.2;0;39.6329634;22.4079221;0.2;2023-02-15T14:41:13Z;0.72
205;28.4;145.7;10.1;0;39.6329678;22.4079264;0.2;2023-02-15T14:41:14Z;0.72
206;55;145.7;10.1;0;39.6329684;22.4079296;0.2;2023-02-15T14:41:15Z;0.72
207;66;145.7;10;0;39.6329694;22.4079337;0.3;2023-02-15T14:41:16Z;1.08
208;57.4;145.7;10;0;39.6329715;22.4079369;0.3;2023-02-15T14:41:17Z;1.08
209;56.2;145.7;10.2;0;39.6329717;22.4079371;0.3;2023-02-15T14:41:18Z;1.08
210;73.1;145.7;10.2;0;39.6329711;22.4079381;0.2;2023-02-15T14:41:18Z;0.72
211;;145.7;10.1;0;39.63297;22.4079376;0.1;2023-02-15T14:41:19Z;0.36
212;315.7;145.7;10.1;0;39.632989;22.4079085;4;2023-02-15T14:41:20Z;14.4
213;300.1;145.7;10;0;39.6330053;22.4078638;4.2;2023-02-15T14:41:21Z;15.12
214;294.4;145.7;10;0;39.6330281;22.4077904;5.7;2023-02-15T14:41:22Z;20.52
215;269.1;145.7;9.9;0;39.6330421;22.4076999;5.9;2023-02-15T14:41:23Z;21.24
216;262.5;145.7;9.9;0;39.633049;22.4075955;7.1;2023-02-15T14:41:24Z;25.56
217;278.4;145.7;9.9;0;39.6330703;22.4074835;7.9;2023-02-15T14:41:25Z;28.44
218;288.3;145.7;10;0;39.6331068;22.4073655;9.3;2023-02-15T14:41:26Z;33.48
219;286;145.7;10;0;39.633147;22.4072325;11;2023-02-15T14:41:27Z;39.6
220;286.2;145.7;10;0;39.6331853;22.4070918;11.8;2023-02-15T14:41:28Z;42.48
221;287.1;145.7;10;0;39.6332226;22.4069487;11.9;2023-02-15T14:41:29Z;42.84
222;286;145.7;10;0;39.6332585;22.4068028;12.2;2023-02-15T14:41:30Z;43.92
223;285.8;145.7;10;0;39.6332937;22.4066503;12.7;2023-02-15T14:41:31Z;45.72
224;286.1;145.7;10;0;39.6333338;22.4064874;13.9;2023-02-15T14:41:32Z;50.04
225;284.2;145.7;10;0;39.6333729;22.4063201;14.5;2023-02-15T14:41:33Z;52.2
226;287.9;145.7;10;0;39.63341;22.4061433;16.1;2023-02-15T14:41:34Z;57.96
227;288;145.7;10;0;39.6334532;22.4059569;16;2023-02-15T14:41:35Z;57.6
228;291;145.7;10;0;39.6334984;22.4057768;16.3;2023-02-15T14:41:36Z;58.68
229;291;145.7;10;0;39.6335523;22.4055911;15.8;2023-02-15T14:41:37Z;56.88
230;294;145.7;9.9;0;39.6336057;22.4054153;15.5;2023-02-15T14:41:38Z;55.8
231;296;145.7;9.9;0;39.633663;22.405249;15.6;2023-02-15T14:41:39Z;56.16
232;298;145.7;9.9;0;39.6337233;22.4050794;15.2;2023-02-15T14:41:40Z;54.72
233;299;145.7;9.9;0;39.6337857;22.4049215;15.1;2023-02-15T14:41:41Z;54.36
234;297;145.7;9.9;0;39.6338487;22.404767;15;2023-02-15T14:41:42Z;54
235;301;145.7;9.9;0;39.6339108;22.4046152;14.6;2023-02-15T14:41:43Z;52.56
236;301;145.7;9.9;0;39.6339809;22.4044727;14.3;2023-02-15T14:41:44Z;51.48
237;302.9;145.7;9.9;0;39.63405;22.4043356;14.3;2023-02-15T14:41:45Z;51.48
238;303;145.7;9.9;0;39.6341219;22.4041994;14;2023-02-15T14:41:46Z;50.4
239;301;145.7;9.9;0;39.6341895;22.4040674;13.9;2023-02-15T14:41:47Z;50.04
240;302;145.7;9.9;0;39.6342578;22.4039298;13.9;2023-02-15T14:41:48Z;50.04
241;301.1;145.7;9.9;0;39.6343276;22.4037899;14.2;2023-02-15T14:41:49Z;51.12
242;300;145.7;9.9;0;39.6343978;22.4036482;14.5;2023-02-15T14:41:50Z;52.2
243;301;145.7;9.9;0;39.634465;22.4035039;14.4;2023-02-15T14:41:51Z;51.84
244;301.9;145.7;9.9;0;39.6345332;22.4033684;13.8;2023-02-15T14:41:52Z;49.68
245;303.9;145.7;9.9;0;39.6345993;22.4032404;13.3;2023-02-15T14:41:53Z;47.88
246;305.9;145.7;9.9;0;39.6346599;22.4031212;12.5;2023-02-15T14:41:54Z;45
247;306;145.7;9.9;0;39.6347203;22.4030056;12.1;2023-02-15T14:41:55Z;43.56
248;306.9;145.7;9.9;0;39.6347759;22.4028955;11.7;2023-02-15T14:41:56Z;42.12
249;309.9;145.7;9.9;0;39.6348334;22.4027898;11;2023-02-15T14:41:57Z;39.6
250;309;145.7;9.9;0;39.6348878;22.4026943;10;2023-02-15T14:41:58Z;36
251;302.4;145.7;10;0;39.6349354;22.4026054;9.9;2023-02-15T14:41:59Z;35.64
252;304.8;145.7;10.1;0;39.6349776;22.4025085;9.7;2023-02-15T14:42:00Z;34.92
253;304.7;145.7;10.3;0;39.6350079;22.4024408;6.8;2023-02-15T14:42:01Z;24.48
254;303.8;145.7;10.5;0;39.635024;22.4023978;5.6;2023-02-15T14:42:02Z;20.16
255;308;145.7;10.7;0;39.635028;22.4023855;2.5;2023-02-15T14:42:03Z;9
256;312.6;145.7;11;0;39.6350096;22.4024164;0.4;2023-02-15T14:42:04Z;1.44
257;314.3;145.7;11;0;39.6349918;22.4024481;0.3;2023-02-15T14:42:05Z;1.08
258;311.7;145.7;10.9;0;39.6349826;22.4024684;0.2;2023-02-15T14:42:06Z;0.72
259;310.6;145.7;10.8;0;39.6349813;22.4024776;0.2;2023-02-15T14:42:07Z;0.72
260;310.6;145.7;10.9;0;39.6349894;22.4024705;0.9;2023-02-15T14:42:08Z;3.24
261;313.3;145.7;10.9;0;39.6349995;22.4024716;0.8;2023-02-15T14:42:09Z;2.88
262;313.3;122.9;11.1;0;39.6350086;22.4024766;0.4;2023-02-15T14:42:10Z;1.44
263;316.1;122.9;11.1;0;39.6350089;22.402481;0.4;2023-02-15T14:42:11Z;1.44
264;314.6;122.9;11.2;0;39.6350075;22.402481;0.3;2023-02-15T14:42:12Z;1.08
265;308.4;122.9;11.1;0;39.6350045;22.4024819;0.2;2023-02-15T14:42:13Z;0.72
266;290.1;122.9;10.6;0;39.6350011;22.4024827;0.2;2023-02-15T14:42:14Z;0.72
267;261.6;122.9;10.5;0;39.6349984;22.4024812;0.1;2023-02-15T14:42:15Z;0.36
268;246.5;122.9;10.4;0;39.6349968;22.4024802;0.1;2023-02-15T14:42:16Z;0.36
269;251.6;122.9;10.4;0;39.6349968;22.4024779;0.1;2023-02-15T14:42:17Z;0.36
270;288.8;122.9;10.3;0;39.6349991;22.4024743;0.2;2023-02-15T14:42:18Z;0.72
271;351;122.9;10.3;0;39.6350015;22.4024763;0.2;2023-02-15T14:42:19Z;0.72
272;2.6;122.8;10.4;0;39.6350019;22.4024771;0.2;2023-02-15T14:42:20Z;0.72
273;13.2;122.8;10.4;0;39.6350029;22.4024778;0.2;2023-02-15T14:42:20Z;0.72
274;55.6;122.8;10.3;0;39.6350031;22.4024805;0.2;2023-02-15T14:42:21Z;0.72
275;74;122.8;10.3;0;39.6350031;22.4024828;0.2;2023-02-15T14:42:22Z;0.72
276;87.4;122.8;10.3;0;39.6350028;22.402484;0.1;2023-02-15T14:42:23Z;0.36
277;97.6;122.8;10.3;0;39.6350024;22.4024849;0.1;2023-02-15T14:42:24Z;0.36
278;;122.8;10.5;0;39.6350023;22.402485;0.1;2023-02-15T14:42:25Z;0.36
279;;122.8;10.5;0;39.6350023;22.4024854;0.1;2023-02-15T14:42:25Z;0.36
280;;122.8;10.5;0;39.6350021;22.4024867;0.1;2023-02-15T14:42:26Z;0.36
281;;122.8;10.4;0;39.635002;22.4024867;0;2023-02-15T14:42:27Z;0
282;;122.8;10.4;0;39.6350019;22.4024865;0;2023-02-15T14:42:28Z;0
283;;122.8;10.4;0;39.6350019;22.4024864;0;2023-02-15T14:42:29Z;0
284;;122.8;10.6;0;39.6350019;22.4024863;0;2023-02-15T14:42:30Z;0
285;;122.8;10.3;0;39.6350015;22.4024859;0;2023-02-15T14:42:30Z;0
286;;122.8;10.3;0;39.6350006;22.4024848;0.1;2023-02-15T14:42:31Z;0.36
287;;122.8;10.4;0;39.6350003;22.4024843;0.1;2023-02-15T14:42:32Z;0.36
288;310;122.8;10.4;0;39.6350053;22.4024787;0.8;2023-02-15T14:42:33Z;2.88
289;311;122.8;10.3;0;39.635012;22.4024697;1.4;2023-02-15T14:42:34Z;5.04
290;311;122.8;10.2;0;39.6350139;22.4024675;1.4;2023-02-15T14:42:35Z;5.04
291;313.9;122.8;10.2;0;39.6350263;22.4024484;3.1;2023-02-15T14:42:35Z;11.16
292;312;122.8;10.1;0;39.6350468;22.402417;3.6;2023-02-15T14:42:36Z;12.96
293;305.9;122.8;10.1;0;39.6350763;22.4023624;4.8;2023-02-15T14:42:37Z;17.28
294;304.4;122.8;10.1;0;39.635112;22.4022795;6.8;2023-02-15T14:42:38Z;24.48
295;315.6;122.8;10.1;0;39.6351584;22.4021819;8.2;2023-02-15T14:42:39Z;29.52
296;319.8;122.8;10;0;39.6352212;22.4020775;9.8;2023-02-15T14:42:40Z;35.28
297;307.6;122.8;10;0;39.6352882;22.401972;11.3;2023-02-15T14:42:41Z;40.68
298;309;122.8;10;0;39.6353456;22.4018472;12.4;2023-02-15T14:42:42Z;44.64
299;310;122.8;9.9;0;39.6354135;22.4017276;12.3;2023-02-15T14:42:43Z;44.28
300;311.9;122.8;9.9;0;39.6354891;22.4016124;13.4;2023-02-15T14:42:44Z;48.24
301;315;122.8;9.9;0;39.6355742;22.4014875;13.6;2023-02-15T14:42:45Z;48.96
302;317;122.8;9.9;0;39.6356612;22.4013743;13.8;2023-02-15T14:42:46Z;49.68
303;318;122.8;9.9;0;39.6357545;22.4012639;13.8;2023-02-15T14:42:47Z;49.68
304;321.8;122.8;9.9;0;39.6358457;22.4011601;13;2023-02-15T14:42:48Z;46.8
305;323.9;122.8;9.9;0;39.6359377;22.4010691;12.7;2023-02-15T14:42:49Z;45.72
306;332.8;122.8;9.9;0;39.6360292;22.4009955;10.9;2023-02-15T14:42:50Z;39.24
307;337.8;122.8;9.9;0;39.6361145;22.4009498;9.9;2023-02-15T14:42:51Z;35.64
308;338;122.8;9.9;0;39.6361954;22.4009152;9.6;2023-02-15T14:42:52Z;34.56
309;348.5;122.8;9.9;0;39.6362703;22.4008914;8.5;2023-02-15T14:42:53Z;30.6
310;18.6;122.8;9.9;0;39.6363498;22.4009008;9.5;2023-02-15T14:42:54Z;34.2
311;19;122.8;9.9;0;39.6364219;22.4009374;7.1;2023-02-15T14:42:55Z;25.56
312;12.1;122.8;9.9;0;39.6364822;22.4009619;8;2023-02-15T14:42:56Z;28.8
313;346.3;122.8;9.9;0;39.6365561;22.4009675;8.6;2023-02-15T14:42:57Z;30.96
314;322.1;122.8;9.9;0;39.6366315;22.40093;8.4;2023-02-15T14:42:58Z;30.24
315;300.1;122.8;9.9;0;39.6366857;22.4008578;8.7;2023-02-15T14:42:59Z;31.32
316;273;122.8;9.9;0;39.6367133;22.4007614;9.1;2023-02-15T14:43:00Z;32.76
317;249.1;122.8;9.9;0;39.6367046;22.4006502;9.2;2023-02-15T14:43:01Z;33.12
318;237;122.8;9.9;0;39.6366647;22.4005465;9.9;2023-02-15T14:43:02Z;35.64
319;251;122.8;9.9;0;39.6366198;22.4004422;9.6;2023-02-15T14:43:03Z;34.56
320;266;122.8;9.9;0;39.6366005;22.400325;10.4;2023-02-15T14:43:04Z;37.44
321;274;122.8;9.9;0;39.6366022;22.4001959;10.7;2023-02-15T14:43:05Z;38.52
322;279;122.8;9.9;0;39.636612;22.400066;11.2;2023-02-15T14:43:06Z;40.32
323;276;122.8;9.9;0;39.6366256;22.3999275;12.1;2023-02-15T14:43:07Z;43.56
324;275;122.8;9.9;0;39.6366365;22.3997815;12.3;2023-02-15T14:43:08Z;44.28
325;276;122.8;9.9;0;39.6366466;22.3996291;13.9;2023-02-15T14:43:09Z;50.04
326;276;122.8;9.9;0;39.6366622;22.3994609;14.5;2023-02-15T14:43:10Z;52.2
327;269;122.8;9.9;0;39.6366773;22.3992822;15;2023-02-15T14:43:11Z;54
328;270.9;122.8;9.9;0;39.6366766;22.3990976;15.8;2023-02-15T14:43:12Z;56.88
329;268.2;122.8;9.9;0;39.6366796;22.3989072;15.9;2023-02-15T14:43:13Z;57.24
330;268;122.8;9.9;0;39.636675;22.3987176;16.4;2023-02-15T14:43:14Z;59.04
331;265;122.8;9.9;0;39.6366692;22.3985193;17.2;2023-02-15T14:43:15Z;61.92
332;264;122.8;9.9;0;39.6366568;22.3983169;17.9;2023-02-15T14:43:16Z;64.44
333;265;122.8;9.9;0;39.6366419;22.3981083;18.2;2023-02-15T14:43:17Z;65.52
334;265;122.8;9.9;0;39.6366305;22.3978918;19.1;2023-02-15T14:43:18Z;68.76
335;263.1;122.8;9.9;0;39.636615;22.3976728;19.1;2023-02-15T14:43:19Z;68.76
336;265;122.8;9.9;0;39.6365927;22.3974521;20.1;2023-02-15T14:43:20Z;72.36
337;265;122.8;9.9;0;39.6365767;22.3972192;20.2;2023-02-15T14:43:21Z;72.72
338;264;122.8;9.9;0;39.6365582;22.3969854;20.2;2023-02-15T14:43:22Z;72.72
339;264;122.8;9.9;0;39.6365411;22.3967501;20.6;2023-02-15T14:43:23Z;74.16
340;264;122.8;9.9;0;39.6365223;22.3965101;20.8;2023-02-15T14:43:24Z;74.88
341;264;122.8;10;0;39.6365014;22.3962732;20.7;2023-02-15T14:43:25Z;74.52
342;267.5;122.8;10.2;0;39.6364977;22.3960176;21.8;2023-02-15T14:43:26Z;78.48
343;269.7;122.8;10.4;0;39.6365002;22.3957584;21.7;2023-02-15T14:43:27Z;78.12
344;274.9;122.8;10.3;0;39.6365165;22.395496;22.6;2023-02-15T14:43:28Z;81.36
345;277;122.8;10.3;0;39.636543;22.3952309;22.5;2023-02-15T14:43:29Z;81
346;278;122.8;10.3;0;39.636573;22.394972;22.1;2023-02-15T14:43:30Z;79.56
347;279;122.8;10.2;0;39.6366041;22.3947195;21.5;2023-02-15T14:43:31Z;77.4
348;279;122.8;10.1;0;39.6366338;22.3944764;21.5;2023-02-15T14:43:32Z;77.4
349;278;122.8;9.9;0;39.6366584;22.3942314;22;2023-02-15T14:43:33Z;79.2
350;278.8;122.8;9.9;0;39.6366861;22.3939804;21.7;2023-02-15T14:43:34Z;78.12
351;278.1;122.8;10;0;39.6367173;22.3937319;22.4;2023-02-15T14:43:35Z;80.64
352;272.2;122.8;10;0;39.636736;22.393474;23;2023-02-15T14:43:36Z;82.8
353;271.1;122.8;10;0;39.6367382;22.3932021;23.6;2023-02-15T14:43:37Z;84.96
354;268.4;122.8;10;0;39.6367337;22.3929305;23.3;2023-02-15T14:43:38Z;83.88
355;264.2;122.8;10;0;39.6367185;22.3926558;23.6;2023-02-15T14:43:39Z;84.96
356;262;122.8;10;0;39.6366853;22.392378;23.7;2023-02-15T14:43:40Z;85.32
357;261.1;122.8;9.9;0;39.6366512;22.3921033;23.5;2023-02-15T14:43:41Z;84.6
358;258.2;122.8;9.9;0;39.6366138;22.3918283;23.7;2023-02-15T14:43:42Z;85.32
359;258;122.8;9.9;0;39.636568;22.3915458;24.2;2023-02-15T14:43:43Z;87.12
360;257.1;122.8;9.9;0;39.6365197;22.3912606;24.4;2023-02-15T14:43:44Z;87.84
361;257;122.8;10;0;39.6364724;22.3909828;24;2023-02-15T14:43:45Z;86.4
362;257;122.8;10;0;39.6364243;22.3907115;23.2;2023-02-15T14:43:46Z;83.52
363;257;122.8;10;0;39.6363801;22.3904501;22.4;2023-02-15T14:43:47Z;80.64
364;257;122.8;10;0;39.6363404;22.3901967;21.7;2023-02-15T14:43:48Z;78.12
365;258;122.8;10;0;39.636301;22.3899511;21.5;2023-02-15T14:43:49Z;77.4
366;258;122.8;9.9;0;39.6362616;22.3897071;21.2;2023-02-15T14:43:50Z;76.32
367;257;122.8;9.9;0;39.6362216;22.3894645;21.5;2023-02-15T14:43:51Z;77.4
368;258;122.8;9.9;0;39.6361792;22.3892202;21.4;2023-02-15T14:43:52Z;77.04
369;258;122.8;9.9;0;39.6361454;22.3889798;20.8;2023-02-15T14:43:53Z;74.88
370;258;122.8;9.9;0;39.6361132;22.3887481;20;2023-02-15T14:43:54Z;72
371;257;122.8;9.9;0;39.6360797;22.3885246;19.6;2023-02-15T14:43:55Z;70.56
372;258;122.8;9.9;0;39.6360462;22.3883087;18.9;2023-02-15T14:43:56Z;68.04
373;258;122.8;9.9;0;39.6360179;22.3880982;18.6;2023-02-15T14:43:57Z;66.96
374;257;122.8;9.9;0;39.6359881;22.3878923;18;2023-02-15T14:43:58Z;64.8
375;258;122.8;9.9;0;39.6359569;22.3876925;17.4;2023-02-15T14:43:59Z;62.64
376;258;122.8;9.9;0;39.6359278;22.3874993;16.8;2023-02-15T14:44:00Z;60.48
377;258;122.8;9.9;0;39.6358975;22.3873121;16.3;2023-02-15T14:44:01Z;58.68
378;259;122.8;9.9;0;39.6358675;22.3871304;15.6;2023-02-15T14:44:02Z;56.16
379;257.1;122.8;9.9;0;39.6358414;22.3869577;14.7;2023-02-15T14:44:03Z;52.92
380;255.3;105.1;9.9;0;39.6358112;22.3868005;13.6;2023-02-15T14:44:04Z;48.96
381;256.9;105;9.9;0;39.6357861;22.3866537;13;2023-02-15T14:44:05Z;46.8
382;257.3;105.4;9.9;0;39.6357655;22.386534;10.1;2023-02-15T14:44:06Z;36.36
383;257.1;105.8;9.9;0;39.6357479;22.3864354;8.8;2023-02-15T14:44:07Z;31.68
384;255.4;106;9.9;0;39.6357306;22.3863543;7.1;2023-02-15T14:44:08Z;25.56
385;258.6;106.2;9.9;0;39.6357172;22.3862916;5.6;2023-02-15T14:44:09Z;20.16
386;254.1;106.4;9.9;0;39.6357089;22.3862498;4;2023-02-15T14:44:10Z;14.4
387;257.9;106.4;9.9;0;39.6357031;22.3862232;2.6;2023-02-15T14:44:11Z;9.36
388;268.9;111.2;9.9;0;39.6357023;22.3862062;3.6;2023-02-15T14:44:12Z;12.96
389;251.1;111.2;9.9;0;39.6356996;22.386167;3.1;2023-02-15T14:44:13Z;11.16
390;253.7;111;9.9;0;39.6356874;22.3861298;5.5;2023-02-15T14:44:14Z;19.8
391;250.9;111.5;9.9;0;39.6356707;22.3860617;7.5;2023-02-15T14:44:15Z;27
392;250;111;9.9;0;39.6356464;22.3859684;8.1;2023-02-15T14:44:16Z;29.16
393;248.1;112.3;9.9;0;39.6356168;22.385877;8.8;2023-02-15T14:44:17Z;31.68
394;245.3;112.8;9.9;0;39.6355845;22.3857868;8.6;2023-02-15T14:44:18Z;30.96
395;243.1;113.1;9.9;0;39.6355437;22.3856944;10.5;2023-02-15T14:44:19Z;37.8
396;249.5;113.5;9.9;0;39.635504;22.385576;12.3;2023-02-15T14:44:20Z;44.28
397;245.5;113;9.9;0;39.6354615;22.385445;12.1;2023-02-15T14:44:21Z;43.56
398;236.6;114.5;9.9;0;39.6353971;22.3853144;14;2023-02-15T14:44:22Z;50.4
399;230.1;114.7;9.9;0;39.6353143;22.3851901;13.3;2023-02-15T14:44:23Z;47.88
400;227.1;114.3;9.9;0;39.6352264;22.3850787;13.7;2023-02-15T14:44:24Z;49.32
401;224.1;113.7;9.9;0;39.6351335;22.3849714;13.9;2023-02-15T14:44:25Z;50.04
402;221.1;114.8;9.9;0;39.6350329;22.3848652;14.5;2023-02-15T14:44:26Z;52.2
403;215.2;114.6;9.9;0;39.6349242;22.384769;14.1;2023-02-15T14:44:27Z;50.76
404;215;107.5;9.9;0;39.6348112;22.3846788;14.7;2023-02-15T14:44:28Z;52.92
405;205.2;108.4;9.9;0;39.6346982;22.3846026;13.2;2023-02-15T14:44:29Z;47.52
406;202.1;108.7;9.9;0;39.6345854;22.3845503;13.1;2023-02-15T14:44:30Z;47.16
407;199;108.6;9.9;0;39.6344719;22.3845043;12.9;2023-02-15T14:44:31Z;46.44
408;195;108.6;9.9;0;39.6343651;22.3844655;12.4;2023-02-15T14:44:32Z;44.64
409;192;108.8;9.9;0;39.6342596;22.3844355;12.3;2023-02-15T14:44:33Z;44.28
410;193;108.9;9.9;0;39.6341576;22.3844108;11.8;2023-02-15T14:44:34Z;42.48
411;190;109;9.9;0;39.6340641;22.3843874;10.6;2023-02-15T14:44:35Z;38.16
412;190.9;109.2;9.9;0;39.6339836;22.3843705;9.3;2023-02-15T14:44:36Z;33.48
413;190.9;108.7;9.9;0;39.6339115;22.3843528;7.9;2023-02-15T14:44:37Z;28.44
414;196.8;108.7;9.9;0;39.6338647;22.3843379;4;2023-02-15T14:44:38Z;14.4
415;208.1;109.2;9.9;0;39.6338382;22.384323;3.4;2023-02-15T14:44:39Z;12.24
416;200.7;108.7;9.9;0;39.6338297;22.3843105;0.5;2023-02-15T14:44:40Z;1.8
417;202.9;108.5;9.9;0;39.6338336;22.3843145;0.4;2023-02-15T14:44:41Z;1.44
418;190.2;114.6;9.9;0;39.6338327;22.3843173;0.3;2023-02-15T14:44:42Z;1.08
419;202.5;115.3;9.9;0;39.6338331;22.3843197;0.2;2023-02-15T14:44:43Z;0.72
420;203.8;115.1;10;0;39.6338374;22.3843209;0.5;2023-02-15T14:44:44Z;1.8
421;203.9;115.1;10.1;0;39.6338391;22.3843214;0.5;2023-02-15T14:44:45Z;1.8
422;202.3;115.4;10.1;0;39.6338281;22.3843131;2.5;2023-02-15T14:44:45Z;9
423;208.9;114.8;10.1;0;39.633804;22.3842958;4.7;2023-02-15T14:44:46Z;16.92
424;219.8;114.1;10;0;39.6337661;22.3842623;6;2023-02-15T14:44:47Z;21.6
425;227.4;113.9;9.4;0;39.6337184;22.3841985;6.1;2023-02-15T14:44:48Z;21.96
426;225.1;113;8.7;0;39.6336799;22.384139;6.5;2023-02-15T14:44:49Z;23.4
427;206.4;113.7;7.7;0;39.6336256;22.3840929;7.5;2023-02-15T14:44:50Z;27
428;185.7;112.4;6.5;0;39.6335532;22.3840677;7.7;2023-02-15T14:44:51Z;27.72
429;163.9;112.6;3.9;0;39.6334745;22.3840803;9.2;2023-02-15T14:44:52Z;33.12
430;157.4;112.5;3.9;0;39.6333923;22.3841189;10.4;2023-02-15T14:44:53Z;37.44
431;161.4;112.4;3.9;0;39.6333042;22.3841624;10.8;2023-02-15T14:44:54Z;38.88
432;170.8;112;3.9;0;39.6332024;22.3841881;11.8;2023-02-15T14:44:55Z;42.48
433;179.7;107.6;3.9;0;39.6330918;22.3841925;11.9;2023-02-15T14:44:56Z;42.84
434;185.8;111.6;3.9;0;39.6329739;22.384182;12.4;2023-02-15T14:44:57Z;44.64
435;184.2;111.3;3.9;0;39.6328537;22.3841585;12.8;2023-02-15T14:44:58Z;46.08
436;186.9;112.9;3.9;0;39.6327254;22.3841371;13.6;2023-02-15T14:44:59Z;48.96
437;187.1;113.1;3.9;0;39.6325887;22.3841107;14.2;2023-02-15T14:45:00Z;51.12
438;187.1;113.3;3.9;0;39.6324517;22.3840848;14.7;2023-02-15T14:45:01Z;52.92
439;188.1;113;3.9;0;39.6323072;22.3840559;15.3;2023-02-15T14:45:02Z;55.08
440;187.2;112.4;3.9;0;39.6321596;22.3840298;15.9;2023-02-15T14:45:03Z;57.24
441;185.3;113.1;3.9;0;39.63201;22.3840017;16.4;2023-02-15T14:45:04Z;59.04
442;186;113.2;3.9;0;39.6318543;22.3839783;16.9;2023-02-15T14:45:05Z;60.84
443;186.9;113.8;3.9;0;39.6317003;22.3839532;17;2023-02-15T14:45:06Z;61.2
444;184.3;114.1;3.9;0;39.6315449;22.3839317;17.1;2023-02-15T14:45:07Z;61.56
445;181.3;114;3.9;0;39.6313874;22.3839221;17.3;2023-02-15T14:45:08Z;62.28
446;178.3;113.6;3.9;0;39.6312278;22.3839231;17.5;2023-02-15T14:45:09Z;63
447;176.3;114;3.9;0;39.6310724;22.3839333;17.2;2023-02-15T14:45:10Z;61.92
448;173.4;114.5;3.9;0;39.630922;22.3839503;16.8;2023-02-15T14:45:11Z;60.48
449;169.7;114.2;3.9;0;39.6307777;22.3839775;16.5;2023-02-15T14:45:12Z;59.4
450;168.5;113.8;3.9;0;39.6306376;22.3840112;16;2023-02-15T14:45:13Z;57.6
451;165;114.1;3.9;0;39.6305056;22.3840492;15.4;2023-02-15T14:45:14Z;55.44
452;164.5;114.4;3.9;0;39.6303807;22.3840912;14.8;2023-02-15T14:45:15Z;53.28
453;161.2;113.8;3.9;0;39.6302591;22.3841346;14.3;2023-02-15T14:45:16Z;51.48
454;157.6;114;3.9;0;39.630147;22.3841863;13.6;2023-02-15T14:45:17Z;48.96
455;157.8;114.3;3.9;0;39.6300485;22.3842395;12.3;2023-02-15T14:45:18Z;44.28
456;156.8;114.8;3.9;0;39.6299589;22.3842916;11.9;2023-02-15T14:45:19Z;42.84
457;162.3;114.4;3.9;0;39.6299112;22.3843133;6.5;2023-02-15T14:45:20Z;23.4
458;165;114.5;3.9;0;39.6298668;22.3843235;6;2023-02-15T14:45:21Z;21.6
459;171.2;114.2;3.9;0;39.6298396;22.384323;4.5;2023-02-15T14:45:22Z;16.2
460;171.4;114.7;3.9;0;39.6298332;22.3843184;2.3;2023-02-15T14:45:23Z;8.28
461;171.4;115.5;3.9;0;39.6298358;22.3843153;2;2023-02-15T14:45:24Z;7.2
462;170.7;115.3;3.9;0;39.6298422;22.3843145;1.5;2023-02-15T14:45:25Z;5.4
463;168;114.7;3.9;0;39.6298508;22.3843149;1;2023-02-15T14:45:26Z;3.6
464;166.5;114.7;4.1;0;39.6298567;22.3843143;0.8;2023-02-15T14:45:27Z;2.88
465;158.8;114.3;4.1;0;39.6298625;22.384315;0.4;2023-02-15T14:45:27Z;1.44
466;125.5;114.4;4.1;0;39.6298697;22.3843144;0.1;2023-02-15T14:45:28Z;0.36
467;;114.4;4.1;0;39.6298736;22.3843134;0.1;2023-02-15T14:45:29Z;0.36
468;356.5;114.4;4.1;0;39.6298778;22.3843114;0.2;2023-02-15T14:45:30Z;0.72
469;341.3;114.5;4.1;0;39.6298799;22.384309;0.2;2023-02-15T14:45:31Z;0.72
470;338.1;114.5;4.1;0;39.6298801;22.3843084;0.2;2023-02-15T14:45:32Z;0.72
471;345.2;114.5;4.1;0;39.629881;22.3843088;0.2;2023-02-15T14:45:32Z;0.72
472;331.7;114.7;4.1;0;39.6298813;22.3843072;0.2;2023-02-15T14:45:33Z;0.72
473;347.7;114.3;4.1;0;39.629885;22.3843075;0.2;2023-02-15T14:45:34Z;0.72
474;342.8;114.8;4.1;0;39.6298863;22.3843064;0.2;2023-02-15T14:45:35Z;0.72
475;342.3;114.8;4.1;0;39.6298861;22.3843063;0.2;2023-02-15T14:45:36Z;0.72
476;;114.7;3.9;0;39.629885;22.3843086;0.1;2023-02-15T14:45:37Z;0.36
477;;114.8;3.9;0;39.6298842;22.3843084;0;2023-02-15T14:45:38Z;0
478;206.6;115.2;3.9;0;39.6298806;22.384306;0.3;2023-02-15T14:45:39Z;1.08
479;224.3;115.4;3.9;0;39.6298801;22.3843044;0.2;2023-02-15T14:45:40Z;0.72
480;;115.2;3.9;0;39.6298806;22.3843059;0;2023-02-15T14:45:41Z;0
481;160.1;115.2;3.9;0;39.6298778;22.3843074;0.2;2023-02-15T14:45:42Z;0.72
482;158.3;115;3.9;0;39.6298774;22.3843124;0.2;2023-02-15T14:45:43Z;0.72
483;;115.1;3.9;0;39.6298797;22.3843129;0;2023-02-15T14:45:44Z;0
484;143.5;115;3.9;0;39.6298771;22.3843152;0.2;2023-02-15T14:45:45Z;0.72
485;;115.4;3.9;0;39.6298789;22.3843133;0.1;2023-02-15T14:45:46Z;0.36
486;;115.1;3.9;0;39.6298786;22.3843151;0.1;2023-02-15T14:45:47Z;0.36
487;136.2;114.8;3.9;0;39.6298764;22.3843174;0.1;2023-02-15T14:45:48Z;0.36
488;200.4;114.7;3.9;0;39.6298731;22.3843149;0.3;2023-02-15T14:45:49Z;1.08
489;201.6;114.8;4.8;0;39.6298701;22.3843133;0.3;2023-02-15T14:45:50Z;1.08
490;197.2;115.3;5.9;0;39.6298658;22.3843119;0.4;2023-02-15T14:45:51Z;1.44
491;202.5;115.3;6.9;0;39.6298636;22.3843101;0.4;2023-02-15T14:45:52Z;1.44
492;213.4;115.5;8.2;0;39.6298608;22.3843069;0.3;2023-02-15T14:45:53Z;1.08
493;239.8;115.6;9.1;0;39.6298602;22.3843029;0.3;2023-02-15T14:45:54Z;1.08
494;251.6;115.5;9.9;0;39.6298601;22.3843004;0.2;2023-02-15T14:45:55Z;0.72
495;254.2;115.7;9.9;0;39.6298598;22.3842984;0.2;2023-02-15T14:45:56Z;0.72
496;257;115.4;9.9;0;39.6298594;22.3842955;0.2;2023-02-15T14:45:57Z;0.72
497;277.8;115.3;9.9;0;39.6298603;22.3842925;0.2;2023-02-15T14:45:58Z;0.72
498;163.9;115.1;9.9;0;39.6298578;22.3842939;0.3;2023-02-15T14:45:59Z;1.08
499;162.8;115.1;9.9;0;39.6298523;22.3842947;0.6;2023-02-15T14:46:00Z;2.16
500;166.6;114.6;9.9;0;39.629843;22.3842952;1.5;2023-02-15T14:46:01Z;5.4
501;176.4;114.1;9.9;0;39.6298186;22.3842935;3.4;2023-02-15T14:46:02Z;12.24
502;207.9;113.8;9.9;0;39.629765;22.3842726;5.2;2023-02-15T14:46:03Z;18.72
503;211;113.6;9.9;0;39.6296614;22.38418;5.9;2023-02-15T14:46:04Z;21.24
504;223.6;113.5;9.9;0;39.6296348;22.3841456;5.8;2023-02-15T14:46:05Z;20.88
505;223;112.2;9.9;0;39.6295964;22.3840943;7.1;2023-02-15T14:46:06Z;25.56
506;230.8;112;9.9;0;39.6295467;22.384028;8;2023-02-15T14:46:07Z;28.8
507;232.9;111.5;9.9;0;39.6294958;22.3839399;9;2023-02-15T14:46:08Z;32.4
508;233.9;111.4;9.9;0;39.629443;22.383843;10;2023-02-15T14:46:09Z;36
509;236.9;111.4;9.9;0;39.6293894;22.3837345;10.8;2023-02-15T14:46:10Z;38.88
510;237;111.1;9.9;0;39.629334;22.3836197;11.1;2023-02-15T14:46:11Z;39.96
511;237;109.7;9.9;0;39.6292787;22.383508;10.7;2023-02-15T14:46:12Z;38.52
512;237;110;9.9;0;39.6292259;22.3833935;11.8;2023-02-15T14:46:13Z;42.48
513;236;109.9;9.9;0;39.6291661;22.3832741;11.4;2023-02-15T14:46:14Z;41.04
514;238;109.3;9.9;0;39.6291097;22.3831605;10.5;2023-02-15T14:46:15Z;37.8
515;236.1;109.7;9.9;0;39.629061;22.3830567;9.8;2023-02-15T14:46:16Z;35.28
516;237.9;110;9.9;0;39.6290128;22.382961;9.3;2023-02-15T14:46:17Z;33.48
517;237;110.2;9.9;0;39.6289673;22.3828728;8.4;2023-02-15T14:46:18Z;30.24
518;235.1;110.1;9.9;0;39.6289241;22.3827883;9.1;2023-02-15T14:46:19Z;32.76
519;236;110.6;9.9;0;39.6288766;22.3827016;8.7;2023-02-15T14:46:20Z;31.32
520;237;110.5;9.9;0;39.6288334;22.3826177;8.4;2023-02-15T14:46:21Z;30.24
521;240;111.5;9.9;0;39.6287955;22.3825373;7.4;2023-02-15T14:46:22Z;26.64
522;238.1;111.8;9.9;0;39.6287627;22.3824624;7.7;2023-02-15T14:46:23Z;27.72
523;239;111.9;9.9;0;39.6287308;22.3823869;7.2;2023-02-15T14:46:24Z;25.92
524;231.6;115.5;9.9;0;39.6286965;22.3823204;6.9;2023-02-15T14:46:25Z;24.84
525;232.9;115;9.9;0;39.6286639;22.3822663;5.6;2023-02-15T14:46:26Z;20.16
526;235.4;115.3;10;0;39.628639;22.3822115;5.8;2023-02-15T14:46:27Z;20.88
527;198.5;116;10.1;0;39.628599;22.382181;4.9;2023-02-15T14:46:28Z;17.64
528;155.5;115.3;10.1;0;39.6285379;22.3822145;7.1;2023-02-15T14:46:29Z;25.56
529;156.7;116.1;10.1;0;39.6284822;22.3822546;5.4;2023-02-15T14:46:30Z;19.44
530;145.3;116.6;10.1;0;39.6284322;22.3823071;7.9;2023-02-15T14:46:31Z;28.44
531;144.1;116.3;10.1;0;39.6283735;22.3823711;7.8;2023-02-15T14:46:32Z;28.08
532;151.8;116;10;0;39.6283114;22.3824203;8.6;2023-02-15T14:46:33Z;30.96
533;149;115.7;10;0;39.6282414;22.3824637;9;2023-02-15T14:46:34Z;32.4
534;147.1;116.9;10;0;39.6281699;22.3825189;8.5;2023-02-15T14:46:35Z;30.6
535;146.9;115.5;10;0;39.6280992;22.3825764;9.4;2023-02-15T14:46:36Z;33.84
536;148;115.5;10;0;39.6280319;22.3826342;7.9;2023-02-15T14:46:37Z;28.44
537;150;114.5;10;0;39.6279742;22.3826831;7.5;2023-02-15T14:46:38Z;27
538;146;114.7;10;0;39.6279195;22.3827306;7.5;2023-02-15T14:46:39Z;27
539;141.4;114.5;10;0;39.6278676;22.3827817;6.5;2023-02-15T14:46:40Z;23.4
540;144;113.7;9.9;0;39.6278185;22.3828304;6.7;2023-02-15T14:46:41Z;24.12
541;144;114.2;9.9;0;39.6277719;22.3828747;6;2023-02-15T14:46:42Z;21.6
542;139;114.6;9.9;0;39.6277309;22.3829143;5.7;2023-02-15T14:46:43Z;20.52
543;139;115;9.9;0;39.6276969;22.3829527;4.3;2023-02-15T14:46:44Z;15.48
544;154.5;114.4;9.9;0;39.6276704;22.3829757;3.2;2023-02-15T14:46:45Z;11.52
545;144.4;114.9;9.9;0;39.627643;22.3829925;3.4;2023-02-15T14:46:46Z;12.24
546;121;115.4;10;0;39.627634;22.3830098;2.3;2023-02-15T14:46:47Z;8.28
547;106.4;115.4;10;0;39.6276336;22.3830329;1.8;2023-02-15T14:46:48Z;6.48
548;105.6;116.3;10;0;39.627631;22.3830552;1.8;2023-02-15T14:46:49Z;6.48
549;86.8;116.7;10;0;39.6276337;22.3830857;2.3;2023-02-15T14:46:50Z;8.28
550;65.3;118.3;9.9;0;39.6276568;22.3831458;3.1;2023-02-15T14:46:51Z;11.16
551;35.4;118.3;9.9;0;39.6276856;22.3831723;4.1;2023-02-15T14:46:52Z;14.76
552;26.8;118.3;9.9;0;39.6277202;22.3831923;3.8;2023-02-15T14:46:53Z;13.68
553;4.6;118.3;9.9;0;39.6277502;22.3831958;2.6;2023-02-15T14:46:54Z;9.36
554;356.8;118.3;9.9;0;39.6277771;22.3831874;2.6;2023-02-15T14:46:55Z;9.36
555;344.1;118.3;9.9;0;39.6278014;22.3831725;2.4;2023-02-15T14:46:56Z;8.64
556;353.6;118.3;9.9;0;39.6278236;22.3831591;2.2;2023-02-15T14:46:57Z;7.92
557;11.1;118.3;9.9;0;39.6278447;22.3831524;2.1;2023-02-15T14:46:58Z;7.56
558;27.8;118.3;9.9;0;39.6278618;22.3831559;1.7;2023-02-15T14:46:59Z;6.12
559;53.3;118.3;9.9;0;39.6278731;22.383167;1.5;2023-02-15T14:47:00Z;5.4
560;51.2;118.3;9.9;0;39.6278805;22.3831794;0.8;2023-02-15T14:47:01Z;2.88
561;51.6;118.3;9.9;0;39.6278836;22.3831841;0.2;2023-02-15T14:47:02Z;0.72
