TIME[s],SPEED[km/h],RPM[rpm],COOLANT],MAF[g/s],THROTTLE POSITION[%],EngineLoad[%]
0.5,0,617.75,0,0,0,0
1,0,617.75,89,1.39,9.803921569,0
1.5,0,619.5,89,1.39,9.803921569,17.25490196
2,0,619.5,89,1.39,9.803921569,17.25490196
2.5,0,619.5,89,1.39,9.803921569,17.64705882
3,0,635.75,89,1.39,9.803921569,17.64705882
3.5,0,635.75,89,1.4,9.803921569,17.64705882
4,0,635.75,89,1.4,9.803921569,16.8627451
4.5,0,655.25,89,1.4,9.803921569,16.8627451
5,0,655.25,89,1.4,9.803921569,22.74509804
5.5,0,709.25,89,1.4,9.803921569,22.74509804
6,0,709.25,89,7.01,21.17647059,22.74509804
6.5,0,2150,89,7.01,21.17647059,35.29411765
7,0,2150,89,7.01,21.17647059,35.29411765
7.5,0,2150,89,4.5,16.07843137,22.35294118
8,0,1340.5,89,4.5,16.07843137,22.35294118
8.5,0,1340.5,89,4.48,16.07843137,22.35294118
9,0,1340.5,89,4.48,16.07843137,30.98039216
9.5,4,1153.75,89,4.48,16.07843137,30.98039216
10,4,1153.75,89,4.71,16.07843137,31.37254902
10.5,9,1275.75,89,4.71,16.07843137,31.37254902
11,9,1275.75,89,4.7,16.07843137,31.37254902
11.5,9,1275.75,89,4.7,16.07843137,25.88235294
12,11,1555.25,89,4.7,16.07843137,25.88235294
12.5,11,1555.25,89,4.78,16.07843137,22.35294118
13,11,1775,89,4.78,16.07843137,22.35294118
13.5,13,1775,89,4.81,16.07843137,22.35294118
14,13,1775,89,4.81,16.47058824,20.39215686
14.5,16,1942.75,89,4.81,16.47058824,20.39215686
15,16,1942.75,89,5.09,16.47058824,20.39215686
15.5,15,2057.75,89,5.09,16.47058824,20.39215686
16,15,2057.75,89,5.37,16.47058824,20.39215686
16.5,15,2057.75,89,5.37,16.8627451,20
17,16,2159.25,89,5.37,16.8627451,20
17.5,16,2159.25,89,2.01,10.19607843,8.235294118
18,16,1394.5,89,2.01,10.19607843,8.235294118
18.5,18,1394.5,89,2.03,10.19607843,8.235294118
19,18,1394.5,89,2.03,10.19607843,14.11764706
19.5,16,1055.25,89,2.03,10.19607843,14.11764706
20,16,1055.25,90,1.82,10.19607843,14.11764706
20.5,16,947.5,90,1.82,10.19607843,14.90196078
21,15,947.5,90,1.82,10.19607843,14.90196078
21.5,15,947.5,90,1.82,10.19607843,15.68627451
22,14,878.75,90,1.82,10.19607843,15.68627451
22.5,14,878.75,90,1.79,10.19607843,15.68627451
23,14,799,90,1.79,10.19607843,16.8627451
23.5,12,799,90,1.76,10.19607843,16.8627451
24,12,799,90,1.76,10.19607843,18.03921569
24.5,12,741.25,90,1.76,10.19607843,18.03921569
25,12,741.25,90,1.78,10.19607843,18.03921569
25.5,12,741.25,90,1.78,10.19607843,19.60784314
26,11,742,90,1.78,10.19607843,19.60784314
26.5,11,742,90,1.76,10.19607843,17.64705882
27,8,767,90,1.76,10.19607843,17.64705882
27.5,8,767,90,1.76,10.19607843,17.64705882
28,8,767,90,1.76,10.19607843,18.82352941
28.5,5,752.25,90,1.78,10.19607843,18.82352941
29,5,752.25,90,1.78,10.19607843,18.03921569
29.5,4,791.25,90,1.78,10.19607843,18.03921569
30,4,791.25,90,1.96,12.15686275,18.03921569
30.5,4,791.25,90,1.96,12.15686275,31.76470588
31,4,572.5,90,1.96,12.15686275,31.76470588
31.5,4,572.5,90,2.45,12.94117647,30.98039216
32,6,722.5,90,2.45,12.94117647,30.98039216
32.5,6,722.5,90,1.76,10.19607843,30.98039216
33,6,722.5,90,1.76,10.19607843,19.60784314
33.5,6,757.75,90,1.76,10.19607843,19.60784314
34,6,757.75,90,1.78,10.58823529,18.43137255
34.5,6,768.75,90,1.78,10.58823529,18.43137255
35,6,768.75,90,3.67,14.90196078,18.43137255
35.5,6,768.75,90,3.67,14.90196078,34.90196078
36,7,1021,90,3.67,14.90196078,34.90196078
36.5,7,1021,90,4.18,15.29411765,25.88235294
37,7,1320.25,90,4.18,15.29411765,25.88235294
37.5,10,1320.25,90,2.73,15.29411765,25.88235294
38,10,1320.25,90,2.73,12.94117647,14.90196078
38.5,12,1417,90,2.73,12.94117647,14.90196078
39,12,1417,90,2.65,12.54901961,15.29411765
39.5,12,1325,90,2.65,12.54901961,15.29411765
40,11,1325,90,2.68,12.54901961,15.29411765
40.5,11,1325,90,2.68,12.94117647,16.07843137
41,10,1294.5,90,2.68,12.94117647,16.07843137
41.5,10,1294.5,90,3.51,14.50980392,18.43137255
42,10,1332.75,90,3.51,14.50980392,18.43137255
42.5,10,1332.75,90,2.59,14.50980392,18.43137255
43,10,1332.75,90,2.59,12.54901961,14.90196078
43.5,12,1277.25,90,2.59,12.54901961,14.90196078
44,12,1277.25,90,4.14,14.11764706,20.39215686
44.5,12,1292.75,90,4.14,14.11764706,20.39215686
45,11,1292.75,90,3.48,14.11764706,20.39215686
45.5,11,1292.75,90,3.48,14.11764706,18.43137255
46,12,1472.5,90,3.48,14.11764706,18.43137255
46.5,12,1472.5,90,3.54,14.11764706,18.82352941
47,12,1475.75,90,3.54,14.11764706,18.82352941
47.5,12,1475.75,90,3.43,14.11764706,18.82352941
48,12,1475.75,90,3.43,14.11764706,17.64705882
48.5,12,1568.75,90,3.43,14.11764706,17.64705882
49,12,1568.75,90,2.56,12.54901961,13.33333333
49.5,12,1446,90,2.56,12.54901961,13.33333333
50,12,1446,90,2.09,12.54901961,13.33333333
50.5,12,1446,90,2.09,10.58823529,12.54901961
51,11,1217.75,90,2.09,10.58823529,12.54901961
51.5,11,1217.75,90,1.85,10.19607843,13.33333333
52,11,1033.5,90,1.85,10.19607843,13.33333333
52.5,9,1033.5,90,1.84,10.19607843,13.33333333
53,9,1033.5,90,1.84,10.19607843,17.25490196
53.5,8,764.75,90,1.84,10.19607843,17.25490196
54,8,764.75,90,1.81,10.19607843,18.43137255
54.5,8,804.5,90,1.81,10.19607843,18.43137255
55,6,804.5,90,1.76,10.19607843,18.43137255
55.5,6,804.5,90,1.76,10.19607843,17.25490196
56,3,839.75,90,1.76,10.19607843,17.25490196
56.5,3,839.75,90,1.84,16.8627451,51.37254902
57,3,1178.75,90,1.84,16.8627451,51.37254902
57.5,3,1178.75,90,6.39,16.8627451,51.37254902
58,3,1178.75,90,6.39,14.50980392,18.82352941
58.5,0,1046.75,90,6.39,14.50980392,18.82352941
59,0,1046.75,90,1.93,10.19607843,16.47058824
59.5,4,895.25,90,1.93,10.19607843,16.47058824
60,4,895.25,90,1.81,10.19607843,16.47058824
60.5,4,895.25,90,1.81,10.19607843,16.47058824
61,3,850,90,1.81,10.19607843,16.47058824
61.5,3,850,90,1.78,10.19607843,16.47058824
62,3,846,90,1.78,10.19607843,16.47058824
62.5,3,846,90,2.71,13.7254902,16.47058824
63,3,846,90,2.71,13.7254902,30.58823529
63.5,3,703,90,2.71,13.7254902,30.58823529
64,3,703,90,2.26,10.19607843,25.09803922
64.5,4,677.25,90,2.26,10.19607843,25.09803922
65,4,677.25,90,1.76,10.19607843,25.09803922
65.5,4,677.25,90,1.76,10.19607843,15.29411765
66,4,904.5,90,1.76,10.19607843,15.29411765
66.5,4,904.5,90,1.79,10.19607843,17.25490196
67,4,803,90,1.79,10.19607843,17.25490196
67.5,5,803,90,9.79,10.19607843,17.25490196
68,5,803,90,9.79,24.31372549,19.60784314
68.5,4,2139.75,90,9.79,24.31372549,19.60784314
69,4,2139.75,90,4.43,15.68627451,19.60784314
69.5,4,906.25,90,4.43,15.68627451,46.66666667
70,7,906.25,90,5.68,15.68627451,46.66666667
70.5,7,906.25,90,5.68,17.64705882,34.90196078
71,9,1517.75,90,5.68,17.64705882,34.90196078
71.5,9,1517.75,91,6.42,19.60784314,34.90196078
72,9,1853.75,91,6.42,19.60784314,42.74509804
72.5,15,1853.75,91,7.73,19.60784314,42.74509804
73,15,1853.75,91,7.73,19.21568627,30.58823529
73.5,17,2291.25,91,7.73,19.21568627,30.58823529
74,17,2291.25,91,9.68,19.60784314,30.58823529
74.5,17,2337.5,91,9.68,19.60784314,9.019607843
75,19,2337.5,91,8.51,19.60784314,9.019607843
75.5,19,2337.5,91,8.51,23.92156863,65.49019608
76,21,1574,91,8.51,23.92156863,65.49019608
76.5,21,1574,91,7.18,18.82352941,34.50980392
77,21,1699,91,7.18,18.82352941,34.50980392
77.5,23,1699,91,5.95,18.82352941,34.50980392
78,23,1699,91,5.95,16.07843137,19.21568627
78.5,27,1778.75,91,5.95,16.07843137,19.21568627
79,27,1778.75,91,3.42,13.7254902,19.21568627
79.5,27,1713.25,91,3.42,13.7254902,15.68627451
80,27,1713.25,91,3.39,13.7254902,15.68627451
80.5,27,1713.25,91,3.39,13.7254902,16.07843137
81,25,1642.75,91,3.39,13.7254902,16.07843137
81.5,25,1642.75,91,2.31,10.98039216,16.07843137
82,25,1568.75,91,2.31,10.98039216,10.98039216
82.5,24,1568.75,91,2.06,10.98039216,10.98039216
83,24,1568.75,91,2.06,11.37254902,11.76470588
83.5,23,1425.75,91,2.06,11.37254902,11.76470588
84,23,1425.75,91,2.23,11.37254902,11.76470588
84.5,23,1325.75,91,2.23,11.37254902,12.94117647
85,20,1325.75,91,2.23,11.37254902,12.94117647
85.5,20,1325.75,91,2.23,11.37254902,14.11764706
86,19,1239,91,2.23,11.37254902,14.11764706
86.5,19,1239,91,2.1,10.19607843,14.11764706
87,19,1167,91,2.1,10.19607843,12.94117647
87.5,18,1167,91,1.89,10.19607843,12.94117647
88,18,1167,91,1.89,10.19607843,13.33333333
88.5,16,1063.25,91,1.89,10.19607843,13.33333333
89,16,1063.25,91,1.85,10.19607843,13.33333333
89.5,16,968.75,91,1.85,10.19607843,14.50980392
90,15,968.75,91,1.85,10.19607843,14.50980392
90.5,15,968.75,91,1.85,10.19607843,16.47058824
91,14,823.25,91,1.85,10.19607843,16.47058824
91.5,14,823.25,91,1.81,10.19607843,18.43137255
92,14,802.25,91,1.81,10.19607843,18.43137255
92.5,11,802.25,91,1.78,10.19607843,18.43137255
93,11,802.25,91,1.78,10.19607843,17.64705882
93.5,7,817.75,91,1.78,10.19607843,17.64705882
94,7,817.75,91,5.79,17.64705882,17.64705882
94.5,7,1064.75,91,5.79,17.64705882,38.03921569
95,8,1064.75,91,6.32,17.64705882,38.03921569
95.5,8,1064.75,91,6.32,18.03921569,23.52941176
96,13,1671,91,6.32,18.03921569,23.52941176
96.5,13,1671,91,2.07,10.19607843,9.803921569
97,13,1518.75,91,2.07,10.19607843,9.803921569
97.5,12,1518.75,90,5.48,10.19607843,9.803921569
98,12,1518.75,90,5.48,17.25490196,32.15686275
98.5,14,1694.5,90,5.48,17.25490196,32.15686275
99,14,1694.5,90,2.34,10.19607843,32.15686275
99.5,14,1694.5,90,2.34,10.19607843,8.235294118
100,16,1484.25,90,2.34,10.19607843,8.235294118
100.5,16,1484.25,90,2.87,10.19607843,14.90196078
101,15,1014.75,90,2.87,10.19607843,14.90196078
101.5,15,1014.75,90,1.84,10.19607843,14.90196078
102,15,898.25,90,1.84,10.19607843,14.90196078
102.5,14,898.25,90,1.82,10.19607843,14.90196078
103,14,898.25,90,1.82,11.76470588,21.56862745
103.5,13,877.25,90,1.82,11.76470588,21.56862745
104,13,877.25,90,2.35,12.15686275,21.56862745
104.5,13,877.25,90,2.35,12.15686275,23.92156863
105,13,807,90,2.35,12.15686275,23.92156863
105.5,13,807,90,5.46,18.82352941,62.35294118
106,13,935.75,90,5.46,18.82352941,62.35294118
106.5,12,935.75,90,6.46,18.82352941,62.35294118
107,12,935.75,90,6.46,19.60784314,50.19607843
107.5,16,1141.25,90,6.46,19.60784314,50.19607843
108,16,1141.25,90,7.14,19.21568627,45.09803922
108.5,16,1340.5,90,7.14,19.21568627,45.09803922
109,20,1340.5,90,8.17,19.21568627,45.09803922
109.5,20,1340.5,90,8.17,20,47.05882353
110,20,1606.25,90,8.17,20,47.05882353
110.5,20,1606.25,90,9.98,21.96078431,45.49019608
111,20,1882,90,9.98,21.96078431,45.49019608
111.5,25,1882,90,10.2,21.96078431,45.49019608
112,25,1882,90,10.2,21.56862745,41.17647059
112.5,30,2082.75,90,10.2,21.56862745,41.17647059
113,30,2082.75,90,10.64,12.94117647,8.62745098
113.5,30,2085,90,10.64,12.94117647,8.62745098
114,32,2085,91,7.21,12.94117647,8.62745098
114.5,32,2085,91,7.21,19.60784314,41.56862745
115,31,1493.75,90,7.21,19.60784314,41.56862745
115.5,31,1493.75,90,5.96,16.07843137,41.56862745
116,31,1540.5,90,5.96,16.07843137,26.2745098
116.5,33,1540.5,91,7.32,16.07843137,26.2745098
117,33,1540.5,91,7.32,19.60784314,45.09803922
117.5,34,1592.75,91,7.32,19.60784314,45.09803922
118,34,1592.75,91,9.53,21.17647059,45.09803922
118.5,34,1661.5,91,9.53,21.17647059,46.2745098
119,35,1661.5,91,4.4,21.17647059,46.2745098
119.5,35,1661.5,91,4.4,15.29411765,20.78431373
120,37,1660,91,4.4,15.29411765,20.78431373
120.5,37,1660,91,7.84,19.21568627,20.78431373
121,37,1692,91,7.84,19.21568627,37.64705882
121.5,36,1692,91,8.68,19.21568627,37.64705882
122,36,1692,91,8.68,20,39.21568627
122.5,37,1732.75,91,8.68,20,39.21568627
123,37,1732.75,91,8.59,20,39.21568627
123.5,37,1813.25,91,8.59,20,39.21568627
124,39,1813.25,91,9.96,20,39.21568627
124.5,39,1813.25,91,9.96,21.17647059,43.52941176
125,41,1872.5,91,9.96,21.17647059,43.52941176
125.5,41,1872.5,91,9.93,21.17647059,43.52941176
126,41,1957,91,9.93,21.17647059,41.17647059
126.5,41,1957,90,10.07,21.17647059,41.17647059
127,41,1957,90,10.07,20.78431373,34.11764706
127.5,43,2015.5,90,10.07,20.78431373,34.11764706
128,43,2015.5,90,7.51,19.21568627,34.11764706
128.5,43,2031.25,90,7.51,19.21568627,31.37254902
129,45,2031.25,90,8.06,19.21568627,31.37254902
129.5,45,2031.25,90,8.06,19.21568627,14.11764706
130,44,2009.25,90,8.06,19.21568627,14.11764706
130.5,44,2009.25,90,1.98,10.19607843,14.11764706
131,44,1905.25,90,1.98,10.19607843,7.843137255
131.5,42,1905.25,90,2.01,10.19607843,7.843137255
132,42,1905.25,90,2.01,10.19607843,8.62745098
132.5,41,1799,90,2.01,10.19607843,8.62745098
133,41,1799,90,2,10.19607843,9.019607843
133.5,41,1685.75,90,2,10.19607843,9.019607843
134,38,1685.75,90,4,20.39215686,9.019607843
134.5,38,1685.75,90,4,20.39215686,45.49019608
135,37,1654.5,90,4,20.39215686,45.49019608
135.5,37,1654.5,90,8.15,20,37.64705882
136,37,1750,90,8.15,20,37.64705882
136.5,38,1750,90,7.93,20,37.64705882
137,38,1750,90,7.93,19.60784314,36.47058824
137.5,40,1800.75,89,7.93,19.60784314,36.47058824
138,40,1800.75,89,9.26,20.39215686,38.82352941
138.5,40,1885.75,89,9.26,20.39215686,38.82352941
139,41,1885.75,89,8.31,20.39215686,38.82352941
139.5,41,1885.75,89,8.31,19.60784314,32.94117647
140,41,1942.75,89,8.31,19.60784314,32.94117647
140.5,41,1942.75,89,8.71,19.60784314,30.58823529
141,41,1975,89,8.71,19.60784314,30.58823529
141.5,43,1975,89,3,19.60784314,30.58823529
142,43,1975,89,3,12.94117647,12.15686275
142.5,44,1918.75,89,3,12.94117647,12.15686275
143,44,1918.75,89,5.29,16.8627451,23.1372549
143.5,44,1880.25,89,5.29,16.8627451,23.1372549
144,41,1880.25,89,5.39,16.8627451,23.1372549
144.5,41,1880.25,89,5.39,16.8627451,22.74509804
145,40,1876.5,89,5.39,16.8627451,22.74509804
145.5,40,1876.5,89,5.68,16.8627451,21.56862745
146,40,1823.25,89,5.68,16.8627451,21.56862745
146.5,42,1823.25,88,1.95,16.8627451,21.56862745
147,42,1823.25,88,1.95,10.19607843,8.62745098
147.5,39,1753.75,88,1.95,10.19607843,8.62745098
148,39,1753.75,88,2,10.19607843,9.411764706
148.5,37,1641.25,88,2,10.19607843,9.411764706
149,37,1641.25,88,1.96,10.19607843,9.411764706
149.5,37,1641.25,88,1.96,10.19607843,9.803921569
150,36,1525,88,1.96,10.19607843,9.803921569
150.5,36,1525,88,1.98,10.19607843,11.76470588
151,36,1222.5,88,1.98,10.19607843,11.76470588
151.5,31,1222.5,88,2,10.19607843,11.76470588
152,31,1222.5,88,2,10.19607843,17.25490196
152.5,22,675,88,2,10.19607843,17.25490196
153,22,675,88,1.82,10.19607843,14.11764706
153.5,17,1062.5,88,1.82,10.19607843,14.11764706
154,17,1062.5,88,1.85,10.19607843,14.11764706
154.5,17,1062.5,88,1.85,10.19607843,17.64705882
155,9,760,87,1.85,10.19607843,17.64705882
155.5,9,760,87,1.81,10.19607843,18.82352941
156,3,798.25,87,1.81,10.19607843,18.82352941
156.5,3,798.25,87,1.81,10.19607843,18.82352941
157,3,798.25,87,1.81,10.19607843,17.25490196
157.5,3,814.75,87,1.81,10.19607843,17.25490196
158,3,814.75,87,1.81,10.19607843,17.64705882
158.5,0,804.5,87,1.81,10.19607843,17.64705882
159,0,804.5,87,1.81,10.19607843,17.64705882
159.5,0,804.5,87,1.81,10.19607843,17.25490196
160,0,807,87,1.81,10.19607843,17.25490196
160.5,0,807,87,1.81,10.19607843,17.64705882
161,0,782.75,87,1.81,10.19607843,17.64705882
161.5,0,782.75,87,1.7,10.19607843,17.64705882
162,0,782.75,87,1.7,10.19607843,17.25490196
162.5,0,773.25,87,1.7,10.19607843,17.25490196
163,0,773.25,87,1.62,10.19607843,17.64705882
163.5,0,746,87,1.62,10.19607843,17.64705882
164,0,746,87,1.59,10.19607843,17.64705882
164.5,0,746,87,1.59,10.19607843,16.47058824
165,0,730.25,87,1.59,10.19607843,16.47058824
165.5,0,730.25,87,1.51,10.19607843,35.29411765
166,0,1250,87,1.51,10.19607843,35.29411765
166.5,0,1250,87,6.59,18.43137255,35.29411765
167,0,1250,87,6.59,18.43137255,38.82352941
167.5,5,840.5,87,6.59,18.43137255,38.82352941
168,5,840.5,87,9.26,23.1372549,52.94117647
168.5,10,1912.5,87,9.26,23.1372549,52.94117647
169,10,1912.5,87,13.17,23.52941176,52.94117647
169.5,10,1912.5,87,13.17,23.52941176,42.35294118
170,19,2806.25,87,13.17,23.52941176,42.35294118
170.5,19,2806.25,87,15,20,6.274509804
171,19,2760.75,87,15,20,6.274509804
171.5,25,2760.75,87,3.87,24.31372549,6.274509804
172,25,2760.75,87,3.87,24.31372549,60.39215686
172.5,27,1834.25,87,3.87,24.31372549,60.39215686
173,27,1834.25,87,13.18,24.31372549,51.37254902
173.5,30,2236.5,87,13.18,24.31372549,51.37254902
174,30,2236.5,88,14.4,24.70588235,51.37254902
174.5,30,2236.5,88,14.4,24.70588235,47.84313725
175,35,2523.25,88,14.4,24.70588235,47.84313725
175.5,35,2523.25,88,14.98,24.70588235,45.49019608
176,35,2866.25,88,14.98,24.70588235,45.49019608
176.5,40,2866.25,88,2.56,24.70588235,45.49019608
177,40,2866.25,88,2.56,10.19607843,5.882352941
177.5,43,2473.25,88,2.56,10.19607843,5.882352941
178,43,2473.25,88,12.6,23.92156863,51.37254902
178.5,43,2142,88,12.6,23.92156863,51.37254902
179,47,2142,88,13.89,23.92156863,51.37254902
179.5,47,2142,88,13.89,24.31372549,50.98039216
180,47,2285.75,88,13.89,24.31372549,50.98039216
180.5,47,2285.75,88,14.45,24.70588235,48.62745098
181,47,2418.75,88,14.45,24.70588235,48.62745098
181.5,51,2418.75,88,14.67,24.70588235,48.62745098
182,51,2418.75,88,14.67,24.70588235,47.84313725
182.5,53,2540.5,88,14.67,24.70588235,47.84313725
183,53,2540.5,88,15.26,24.70588235,47.84313725
183.5,53,2644.5,88,15.26,24.70588235,45.09803922
184,57,2644.5,88,8.31,24.70588235,45.09803922
184.5,57,2644.5,88,8.31,18.82352941,21.56862745
185,58,2651.5,88,8.31,18.82352941,21.56862745
185.5,58,2651.5,88,2.01,10.19607843,7.843137255
186,58,2033.5,88,2.01,10.19607843,7.843137255
186.5,57,2033.5,88,9.26,10.19607843,7.843137255
187,57,2033.5,88,9.26,16.8627451,17.25490196
187.5,57,2055.25,88,9.26,16.8627451,17.25490196
188,57,2055.25,88,2.34,11.37254902,17.25490196
188.5,57,2021.75,88,2.34,11.37254902,9.019607843
189,57,2021.75,88,4.96,11.37254902,9.019607843
189.5,57,2021.75,88,4.96,16.07843137,18.43137255
190,55,1964.75,88,4.96,16.07843137,18.43137255
190.5,55,1964.75,88,4.14,15.29411765,16.8627451
191,55,1930.25,88,4.14,15.29411765,16.8627451
191.5,54,1930.25,88,5.75,15.29411765,16.8627451
192,54,1930.25,88,5.75,18.82352941,30.19607843
192.5,53,1899,88,5.75,18.82352941,30.19607843
193,53,1899,88,2.7,11.76470588,30.19607843
193.5,53,1875,88,2.7,11.76470588,10.19607843
194,52,1875,88,2.42,11.76470588,10.19607843
194.5,52,1875,88,2.42,11.76470588,12.54901961
195,51,1817.75,88,2.42,11.76470588,12.54901961
195.5,51,1817.75,88,4.23,19.21568627,12.54901961
196,51,1807.75,88,4.23,19.21568627,38.43137255
196.5,51,1807.75,87,11.01,19.21568627,38.43137255
197,51,1807.75,87,11.01,22.35294118,47.45098039
197.5,52,1867,87,11.01,22.35294118,47.45098039
198,52,1867,87,8.51,15.68627451,47.45098039
198.5,52,1882,87,8.51,15.68627451,15.29411765
199,52,1882,87,8.51,15.68627451,15.29411765
199.5,52,1882,87,1.95,10.19607843,8.235294118
200,52,1825,87,1.95,10.19607843,8.235294118
200.5,52,1825,87,2,10.19607843,8.235294118
201,52,1825,87,2,10.19607843,8.62745098
201.5,50,1755.25,87,1.98,10.19607843,8.62745098
202,50,1755.25,87,1.98,10.19607843,9.411764706
202.5,47,1622.5,87,1.98,10.19607843,9.411764706
203,47,1622.5,87,1.98,10.19607843,9.411764706
203.5,47,1622.5,87,1.98,10.19607843,9.803921569
204,44,1547.5,87,1.98,10.19607843,9.803921569
204.5,44,1547.5,87,1.96,10.19607843,10.19607843
205,42,1473.25,87,1.96,10.19607843,10.19607843
205.5,42,1473.25,87,1.95,10.19607843,10.19607843
206,42,1325.75,87,1.95,10.19607843,11.37254902
206.5,39,1325.75,86,1.96,10.19607843,11.37254902
207,39,1325.75,86,1.96,10.19607843,13.33333333
207.5,35,1091.25,86,1.96,10.19607843,13.33333333
208,35,1091.25,86,2.9,10.19607843,13.33333333
208.5,35,961.5,86,2.9,10.19607843,20.39215686
209,27,961.5,86,1.84,10.19607843,20.39215686
209.5,27,961.5,86,1.84,10.19607843,14.11764706
210,17,922.5,86,1.84,10.19607843,14.11764706
210.5,17,922.5,86,1.82,10.19607843,14.11764706
211,17,784.25,86,1.82,10.19607843,17.64705882
211.5,11,784.25,86,1.78,10.19607843,17.64705882
212,11,784.25,86,1.78,10.19607843,18.03921569
212.5,3,781.25,86,1.78,10.19607843,18.03921569
213,3,781.25,86,1.78,10.19607843,18.03921569
213.5,3,785,86,1.78,10.19607843,18.03921569
214,3,785,85,1.79,10.19607843,18.03921569
214.5,3,785,85,1.79,10.19607843,18.03921569
215,0,788.25,85,1.79,10.19607843,18.03921569
215.5,0,788.25,85,1.78,10.19607843,18.03921569
216,0,817,85,1.78,10.19607843,17.64705882
216.5,0,817,85,1.78,10.19607843,17.64705882
217,0,817,85,1.78,10.19607843,17.64705882
217.5,0,804.5,85,1.78,10.19607843,17.64705882
218,0,804.5,85,1.71,10.19607843,17.64705882
218.5,0,770.25,85,1.71,10.19607843,17.64705882
219,0,770.25,85,1.67,10.19607843,17.64705882
219.5,0,770.25,85,1.67,10.19607843,17.25490196
220,0,748.25,85,1.67,10.19607843,17.25490196
220.5,0,748.25,85,1.59,10.19607843,17.25490196
221,0,715.5,85,1.59,10.19607843,17.25490196
221.5,0,715.5,85,1.56,10.19607843,17.25490196
222,0,715.5,85,1.56,10.19607843,17.25490196
222.5,0,707.75,85,1.56,10.19607843,17.25490196
223,0,707.75,85,1.54,10.19607843,17.25490196
223.5,0,699,85,1.54,10.19607843,17.25490196
224,0,699,85,1.54,10.19607843,17.25490196
224.5,0,699,85,1.51,10.19607843,17.25490196
225,0,688.25,85,1.51,10.19607843,17.25490196
225.5,0,688.25,85,1.5,10.19607843,17.25490196
226,0,690.5,85,1.5,10.19607843,17.25490196
226.5,0,690.5,85,1.51,10.19607843,17.25490196
227,0,690.5,85,1.51,10.19607843,17.25490196
227.5,0,682,85,1.51,10.19607843,17.25490196
228,0,682,86,1.5,10.19607843,17.25490196
228.5,0,682,86,1.5,10.19607843,17.25490196
229,0,686.5,86,1.5,10.19607843,17.25490196
229.5,0,686.5,86,1.48,10.19607843,17.25490196
230,0,680.25,86,1.48,10.19607843,17.25490196
230.5,0,680.25,86,1.5,10.19607843,17.25490196
231,0,680.25,86,1.5,10.19607843,17.25490196
231.5,0,685.75,86,1.5,10.19607843,17.25490196
232,0,685.75,86,1.48,10.19607843,17.64705882
232.5,0,670.25,86,1.48,10.19607843,17.64705882
233,0,670.25,86,1.46,10.19607843,17.64705882
233.5,0,670.25,86,1.46,10.19607843,17.25490196
234,0,669.5,86,1.46,10.19607843,17.25490196
234.5,0,669.5,86,1.46,10.19607843,17.64705882
235,0,662.5,86,1.46,10.19607843,17.64705882
235.5,0,662.5,86,1.45,10.19607843,17.64705882
236,0,662.5,86,1.45,10.19607843,17.64705882
236.5,0,657.75,86,1.45,10.19607843,17.64705882
237,0,657.75,86,1.45,10.19607843,17.64705882
237.5,0,654.5,86,1.45,10.19607843,17.64705882
238,0,654.5,86,1.45,10.19607843,17.64705882
238.5,0,654.5,86,1.45,10.19607843,17.64705882
239,0,670.25,87,1.45,10.19607843,17.64705882
239.5,0,670.25,87,1.45,10.19607843,17.25490196
240,0,689,87,1.45,10.19607843,17.25490196
240.5,0,689,87,9,10.19607843,17.25490196
241,0,689,87,9,20.39215686,24.31372549
241.5,0,1547.5,87,9,20.39215686,24.31372549
242,0,1547.5,87,5.14,17.25490196,45.88235294
242.5,0,1196,87,5.14,17.25490196,45.88235294
243,6,1196,87,9.6,17.25490196,45.88235294
243.5,6,1196,87,9.6,21.96078431,46.2745098
244,14,2205.25,87,9.6,21.96078431,46.2745098
244.5,14,2205.25,87,12.12,10.19607843,6.666666667
245,14,2218.75,87,12.12,10.19607843,6.666666667
245.5,20,2218.75,87,16.76,10.19607843,6.666666667
246,20,2218.75,87,16.76,29.80392157,65.09803922
246.5,23,1786.5,87,16.76,29.80392157,65.09803922
247,23,1786.5,87,13.65,26.66666667,65.09803922
247.5,23,2142,87,13.65,26.66666667,58.03921569
248,29,2142,87,15.76,26.66666667,58.03921569
248.5,29,2142,87,15.76,26.66666667,52.15686275
249,37,2585.75,87,15.76,26.66666667,52.15686275
249.5,37,2585.75,87,16.93,26.2745098,52.15686275
250,37,2832,87,16.93,26.2745098,47.05882353
250.5,41,2832,87,1.93,26.2745098,47.05882353
251,41,2832,87,1.93,11.76470588,73.7254902
251.5,43,2055.25,87,1.93,11.76470588,73.7254902
252,43,2055.25,87,13.62,23.1372549,73.7254902
252.5,43,2055.25,87,13.62,23.1372549,36.47058824
253,48,2218.75,87,13.62,23.1372549,36.47058824
253.5,48,2218.75,87,1.98,10.19607843,8.235294118
254,48,2267,87,1.98,10.19607843,8.235294118
254.5,48,2267,87,4.98,10.19607843,8.235294118
255,48,2267,87,4.98,10.19607843,7.058823529
255.5,50,2250.75,87,4.98,10.19607843,7.058823529
256,50,2250.75,87,1.87,10.19607843,6.666666667
256.5,50,2215.5,87,1.87,10.19607843,6.666666667
257,50,2215.5,87,2.29,10.19607843,6.666666667
257.5,50,2215.5,87,2.29,10.19607843,8.235294118
258,47,2013.25,87,2.29,10.19607843,8.235294118
258.5,47,2013.25,87,1.95,10.19607843,8.235294118
259,42,1778.75,87,1.95,10.19607843,8.235294118
259.5,42,1778.75,87,1.93,10.19607843,8.235294118
260,42,1778.75,87,1.93,10.19607843,9.803921569
260.5,36,1510,87,1.93,10.19607843,9.803921569
261,36,1510,87,1.84,10.19607843,9.803921569
261.5,36,1418.75,87,1.84,10.19607843,9.803921569
262,32,1418.75,87,4.54,16.07843137,9.803921569
262.5,32,1418.75,87,4.54,16.07843137,26.66666667
263,30,1359.25,87,4.54,16.07843137,26.66666667
263.5,30,1359.25,87,3.4,13.7254902,18.43137255
264,30,1367,87,3.4,13.7254902,18.43137255
264.5,30,1367,87,4.93,17.25490196,18.43137255
265,30,1367,87,4.93,17.25490196,33.33333333
265.5,30,1378,87,4.93,17.25490196,33.33333333
266,30,1378,87,6.15,18.03921569,36.8627451
266.5,30,1377.25,87,6.15,18.03921569,36.8627451
267,30,1377.25,87,7.14,18.03921569,36.8627451
267.5,30,1377.25,87,7.14,18.82352941,43.52941176
268,30,1402.25,87,7.14,18.82352941,43.52941176
268.5,30,1402.25,87,8.35,20.78431373,55.29411765
269,30,1453.75,87,8.35,20.78431373,55.29411765
269.5,31,1453.75,86,10.96,20.78431373,55.29411765
270,31,1453.75,86,10.96,24.70588235,60.78431373
270.5,33,1517.75,86,10.96,24.70588235,60.78431373
271,33,1517.75,86,12.4,29.41176471,63.52941176
271.5,33,1606.25,86,12.4,29.41176471,63.52941176
272,35,1606.25,86,13.18,29.41176471,63.52941176
272.5,35,1606.25,86,13.18,29.80392157,63.92156863
273,37,1705.25,86,13.18,29.80392157,63.92156863
273.5,37,1705.25,86,13.92,30.58823529,63.92156863
274,37,1839.75,86,13.92,30.58823529,63.92156863
274.5,39,1839.75,86,15.06,30.58823529,63.92156863
275,39,1839.75,86,15.06,31.37254902,63.1372549
275.5,41,2004.5,86,15.06,31.37254902,63.1372549
276,41,2004.5,86,16.12,31.76470588,63.1372549
276.5,41,2154.5,86,16.12,31.76470588,62.74509804
277,45,2154.5,86,17.1,31.76470588,62.74509804
277.5,45,2154.5,86,17.1,31.76470588,61.96078431
278,49,2308.5,86,17.1,31.76470588,61.96078431
278.5,49,2308.5,86,18.04,31.76470588,61.96078431
279,49,2492.75,86,18.04,31.76470588,60
279.5,53,2492.75,86,18.85,31.76470588,60
280,53,2492.75,86,18.85,31.76470588,58.82352941
280.5,55,2651.5,86,18.85,31.76470588,58.82352941
281,55,2651.5,86,19.71,10.19607843,7.843137255
281.5,55,2523.25,86,19.71,10.19607843,7.843137255
282,60,2523.25,86,19.42,10.19607843,7.843137255
282.5,60,2523.25,86,19.42,26.2745098,57.25490196
283,59,2175,86,19.42,26.2745098,57.25490196
283.5,59,2175,86,15.7,27.05882353,57.25490196
284,59,2267,86,15.7,27.05882353,56.47058824
284.5,63,2267,86,16,27.05882353,56.47058824
285,63,2267,86,16,26.66666667,54.50980392
285.5,65,2370.25,86,16,26.66666667,54.50980392
286,65,2370.25,86,16.2,26.66666667,54.50980392
286.5,65,2460,86,16.2,26.66666667,53.33333333
287,67,2460,86,16.42,26.66666667,53.33333333
287.5,67,2460,86,16.42,26.66666667,53.33333333
288,71,2550.75,86,16.42,26.66666667,53.33333333
288.5,71,2550.75,86,17,26.66666667,53.33333333
289,71,2625.75,86,17,26.66666667,52.54901961
289.5,71,2625.75,86,2.17,26.66666667,52.54901961
290,71,2625.75,86,2.17,10.19607843,8.235294118
290.5,73,2159.25,86,2.17,10.19607843,8.235294118
291,73,2159.25,86,16.57,28.23529412,8.235294118
291.5,73,2245.25,86,16.57,28.23529412,58.03921569
292,74,2245.25,86,15.96,28.23529412,58.03921569
292.5,74,2245.25,86,15.96,26.66666667,56.07843137
293,76,2308.5,86,15.96,26.66666667,56.07843137
293.5,76,2308.5,86,15.7,26.2745098,56.07843137
294,76,2367,86,15.7,26.2745098,52.15686275
294.5,78,2367,86,14.81,26.2745098,52.15686275
295,78,2367,86,14.81,24.70588235,48.23529412
295.5,79,2415.5,86,14.81,24.70588235,48.23529412
296,79,2415.5,85,14.23,23.92156863,48.23529412
296.5,79,2415.5,85,14.23,23.92156863,45.88235294
297,81,2450.75,85,14.23,23.92156863,45.88235294
297.5,81,2450.75,85,3.71,10.19607843,6.666666667
298,81,2415.5,85,3.71,10.19607843,6.666666667
298.5,81,2415.5,85,1.95,10.19607843,6.666666667
299,81,2415.5,85,1.95,10.19607843,6.274509804
299.5,79,2360.75,85,1.95,10.19607843,6.274509804
300,79,2360.75,85,15.18,23.92156863,50.19607843
300.5,78,2370.25,85,15.18,23.92156863,50.19607843
301,78,2370.25,85,14.89,25.09803922,50.19607843
301.5,78,2370.25,85,14.89,25.09803922,49.80392157
302,79,2412.5,85,14.89,25.09803922,49.80392157
302.5,79,2412.5,85,15.03,25.09803922,49.41176471
303,81,2450.75,85,15.03,25.09803922,49.41176471
303.5,81,2450.75,85,15.5,25.09803922,49.41176471
304,81,2450.75,85,15.5,25.09803922,50.19607843
304.5,81,2486.5,84,15.5,25.09803922,50.19607843
305,81,2486.5,84,15.78,25.49019608,50.58823529
305.5,81,2519.5,84,15.78,25.49019608,50.58823529
306,82,2519.5,84,15.82,25.49019608,50.58823529
306.5,82,2519.5,84,15.82,25.49019608,50.58823529
307,84,2550.75,84,15.82,25.49019608,50.58823529
307.5,84,2550.75,84,16.07,25.49019608,50.58823529
308,84,2575,84,16.07,25.49019608,50.19607843
308.5,86,2575,84,16.35,25.49019608,50.19607843
309,86,2575,84,16.35,25.88235294,50.58823529
309.5,85,2592.75,83,16.35,25.88235294,50.58823529
310,85,2592.75,83,16.51,25.88235294,50.58823529
310.5,85,2625.75,83,16.51,25.88235294,50.58823529
311,87,2625.75,83,16.51,25.88235294,50.58823529
311.5,87,2625.75,83,16.51,25.88235294,50.58823529
312,87,2651.5,83,16.51,25.88235294,50.58823529
312.5,87,2651.5,83,15.92,18.82352941,8.62745098
313,87,2617.75,83,15.92,18.82352941,8.62745098
313.5,88,2617.75,83,1.96,18.82352941,8.62745098
314,88,2617.75,83,1.96,10.19607843,5.882352941
314.5,86,2543.75,83,1.96,10.19607843,5.882352941
315,86,2543.75,83,3.1,10.19607843,9.803921569
315.5,86,2460,83,3.1,10.19607843,9.803921569
316,82,2460,83,3,10.19607843,9.803921569
316.5,82,2460,83,3,10.19607843,9.803921569
317,81,2367,82,3,10.19607843,9.803921569
317.5,81,2367,82,5.95,20.78431373,37.64705882
318,81,2334.25,82,5.95,20.78431373,37.64705882
318.5,78,2334.25,82,12.14,20.78431373,37.64705882
319,78,2334.25,82,12.14,22.35294118,41.56862745
319.5,77,2343.75,82,12.14,22.35294118,41.56862745
320,77,2343.75,82,9.93,20.39215686,14.90196078
320.5,77,2334.25,82,9.93,20.39215686,14.90196078
321,77,2334.25,82,1.93,20.39215686,14.90196078
321.5,77,2334.25,82,1.93,10.19607843,6.666666667
322,75,2239.75,82,1.93,10.19607843,6.666666667
322.5,75,2239.75,82,2.46,10.19607843,6.666666667
323,75,2162.5,82,2.46,10.19607843,8.62745098
323.5,73,2162.5,82,2.29,10.19607843,8.62745098
324,73,2162.5,82,2.29,10.19607843,8.235294118
324.5,71,2085,81,2.29,10.19607843,8.235294118
325,71,2085,81,2.14,10.19607843,7.843137255
325.5,71,2017.75,81,2.14,10.19607843,7.843137255
326,68,2017.75,81,1.95,10.19607843,7.843137255
326.5,68,2017.75,81,1.95,10.19607843,7.843137255
327,66,1946.75,81,1.95,10.19607843,7.843137255
327.5,66,1946.75,81,1.95,10.19607843,7.843137255
328,66,1876.5,81,1.95,10.19607843,8.235294118
328.5,64,1876.5,81,1.93,10.19607843,8.235294118
329,64,1876.5,81,1.93,10.19607843,8.235294118
329.5,61,1790.5,81,1.93,10.19607843,8.235294118
330,61,1790.5,81,1.93,10.19607843,8.235294118
330.5,61,1685.75,81,1.93,10.19607843,9.019607843
331,58,1685.75,81,1.92,10.19607843,9.019607843
331.5,58,1685.75,81,1.92,10.19607843,9.803921569
332,54,1513.25,81,1.92,10.19607843,9.803921569
332.5,54,1513.25,81,1.95,10.19607843,9.803921569
333,54,654.5,81,1.95,10.19607843,14.90196078
333.5,48,654.5,81,1.82,10.19607843,14.90196078
334,48,654.5,81,1.82,10.19607843,10.58823529
334.5,39,1300,81,1.82,10.19607843,10.58823529
335,39,1300,81,1.81,10.19607843,10.58823529
335.5,39,1300,81,1.81,10.19607843,29.41176471
336,34,729.5,81,1.78,10.19607843,29.41176471
336.5,34,729.5,81,1.78,10.19607843,12.15686275
337,26,996.75,81,1.78,10.19607843,12.15686275
337.5,26,996.75,81,1.79,10.19607843,12.15686275
338,26,996.75,81,1.79,10.19607843,17.64705882
338.5,18,789,81,1.79,10.19607843,17.64705882
339,18,789,81,1.76,10.19607843,17.25490196
339.5,13,829.5,81,1.76,10.19607843,17.25490196
340,13,829.5,81,2.6,12.54901961,17.25490196
340.5,13,829.5,81,2.6,12.54901961,15.68627451
341,11,1294.5,81,11.09,12.54901961,15.68627451
341.5,11,1294.5,81,11.09,23.1372549,51.76470588
342,14,2033.5,81,11.09,23.1372549,51.76470588
342.5,14,2033.5,81,14.28,24.31372549,51.76470588
343,14,2033.5,81,14.28,24.31372549,45.09803922
343.5,19,3043.75,82,14.28,24.31372549,45.09803922
344,19,3043.75,82,6.2,10.19607843,5.490196078
344.5,27,2617.75,82,6.2,10.19607843,5.490196078
345,27,2617.75,82,16.82,10.19607843,5.490196078
345.5,27,2617.75,82,16.82,29.41176471,63.52941176
346,29,2103.75,82,16.82,29.41176471,63.52941176
346.5,29,2103.75,82,15.89,26.66666667,54.50980392
347,29,2500,82,15.89,26.66666667,54.50980392
347.5,36,2500,82,16.7,25.49019608,54.50980392
348,36,2500,82,16.7,25.49019608,45.88235294
348.5,40,2793.75,83,16.7,25.49019608,45.88235294
349,40,2793.75,83,17.53,25.88235294,49.01960784
349.5,40,3078,83,17.53,25.88235294,49.01960784
350,44,3078,83,2.29,25.88235294,49.01960784
350.5,44,3078,83,2.29,10.19607843,5.882352941
351,47,2192.75,84,2.29,10.19607843,5.882352941
351.5,47,2192.75,84,16.15,26.66666667,53.7254902
352,47,2280.25,84,16.15,26.66666667,53.7254902
352.5,47,2280.25,84,11.51,21.96078431,53.7254902
353,47,2280.25,84,11.51,21.96078431,38.43137255
353.5,51,2372.5,84,11.51,21.96078431,38.43137255
354,51,2372.5,84,9.21,19.60784314,27.05882353
354.5,51,2415.5,84,9.21,19.60784314,27.05882353
355,52,2415.5,84,1.98,19.60784314,27.05882353
355.5,52,2415.5,84,1.98,10.19607843,6.274509804
356,51,2334.25,84,1.98,10.19607843,6.274509804
356.5,51,2334.25,84,2.23,10.19607843,9.019607843
357,51,2236.5,84,2.23,10.19607843,9.019607843
357.5,51,2236.5,84,2.46,10.19607843,9.019607843
358,51,2236.5,84,2.46,10.19607843,8.62745098
358.5,48,2144.5,83,2.46,10.19607843,8.62745098
359,48,2144.5,83,2.25,10.19607843,8.235294118
359.5,48,2055.25,83,2.25,10.19607843,8.235294118
360,46,2055.25,83,2.01,10.19607843,8.235294118
360.5,46,2055.25,83,2.01,10.19607843,7.843137255
361,44,1960.75,83,2.01,10.19607843,7.843137255
361.5,44,1960.75,83,1.95,10.19607843,7.843137255
362,44,1875,83,1.95,10.19607843,7.843137255
362.5,41,1875,82,1.93,10.19607843,7.843137255
363,41,1875,82,1.93,10.19607843,8.62745098
363.5,40,1676.5,82,1.93,10.19607843,8.62745098
364,40,1676.5,82,1.95,10.19607843,10.19607843
364.5,40,1135,82,1.95,10.19607843,10.19607843
365,34,1135,82,2.96,10.19607843,10.19607843
365.5,34,1135,82,2.96,10.19607843,22.35294118
366,26,904.5,82,2.96,10.19607843,22.35294118
366.5,26,904.5,82,1.81,10.19607843,22.35294118
367,26,879.5,82,1.81,10.19607843,14.11764706
367.5,20,879.5,82,1.82,10.19607843,14.11764706
368,20,879.5,82,1.82,10.19607843,18.82352941
368.5,10,733.5,82,1.82,10.19607843,18.82352941
369,10,733.5,82,1.76,10.19607843,18.03921569
369.5,10,761.5,82,1.76,10.19607843,18.03921569
370,3,761.5,82,1.76,10.19607843,18.03921569
370.5,3,761.5,82,1.76,10.19607843,18.03921569
371,3,767.75,82,1.76,10.19607843,18.03921569
371.5,3,767.75,82,1.75,10.19607843,18.03921569
372,3,1122.5,82,1.75,10.19607843,78.82352941
372.5,0,1122.5,82,10.62,10.19607843,78.82352941
373,0,1122.5,82,10.62,22.35294118,40.39215686
373.5,6,1660,82,10.62,22.35294118,40.39215686
374,6,1660,82,9.1,21.17647059,45.88235294
374.5,6,2024,82,9.1,21.17647059,45.88235294
375,12,2024,83,12.4,21.17647059,45.88235294
375.5,12,2024,83,12.4,22.74509804,39.60784314
376,20,2875,83,12.4,22.74509804,39.60784314
376.5,20,2875,83,1.98,10.19607843,39.60784314
377,20,1721,83,1.98,10.19607843,6.274509804
377.5,24,1721,83,10.6,10.19607843,6.274509804
378,24,1721,83,10.6,21.17647059,50.58823529
378.5,24,1681.25,84,10.6,21.17647059,50.58823529
379,24,1681.25,84,10.2,21.56862745,47.45098039
379.5,24,1973.25,84,10.2,21.56862745,47.45098039
380,28,1973.25,84,12.37,21.56862745,47.45098039
380.5,28,1973.25,84,12.37,23.1372549,47.45098039
381,33,2303,84,12.37,23.1372549,47.45098039
381.5,33,2303,84,13.98,23.92156863,47.45098039
382,33,2614.75,84,13.98,23.92156863,45.88235294
382.5,35,2614.75,85,16.34,23.92156863,45.88235294
383,35,2614.75,85,16.34,25.49019608,47.45098039
383.5,42,2897.5,85,16.34,25.49019608,47.45098039
384,42,2897.5,85,18.1,25.88235294,47.45098039
384.5,42,3167,85,18.1,25.88235294,47.45098039
385,46,3167,85,19.51,25.88235294,47.45098039
385.5,46,3167,85,19.51,25.88235294,47.05882353
386,50,3300.75,85,19.51,25.88235294,47.05882353
386.5,50,3300.75,85,1.98,18.82352941,47.05882353
387,50,3300.75,85,1.98,18.82352941,53.7254902
387.5,49,2355.25,85,1.98,18.82352941,53.7254902
388,49,2355.25,85,14.48,24.31372549,47.45098039
388.5,49,2489.75,85,14.48,24.31372549,47.45098039
389,53,2489.75,85,15.07,24.31372549,47.45098039
389.5,53,2489.75,85,15.07,24.31372549,47.05882353
390,57,2607,84,15.07,24.31372549,47.05882353
390.5,57,2607,84,15.45,24.70588235,46.66666667
391,57,2717,84,15.45,24.70588235,46.66666667
391.5,57,2717,84,15.84,24.70588235,46.66666667
392,57,2717,84,15.84,24.70588235,45.49019608
392.5,61,2814.75,84,15.84,24.70588235,45.49019608
393,61,2814.75,84,12.51,16.07843137,7.058823529
393.5,61,2513.25,84,12.51,16.07843137,7.058823529
394,63,2513.25,84,19.5,16.07843137,7.058823529
394.5,63,2513.25,84,19.5,28.23529412,60.78431373
395,62,2245.25,84,19.5,28.23529412,60.78431373
395.5,62,2245.25,84,13.75,23.52941176,45.09803922
396,62,2311.5,84,13.75,23.52941176,45.09803922
396.5,63,2311.5,84,2.57,23.52941176,45.09803922
397,63,2311.5,84,2.57,10.19607843,7.058823529
397.5,64,2272.5,84,2.57,10.19607843,7.058823529
398,64,2272.5,84,1.95,10.19607843,7.843137255
398.5,64,2171.75,84,1.95,10.19607843,7.843137255
399,62,2171.75,84,2.31,10.19607843,7.843137255
399.5,62,2171.75,84,2.31,10.19607843,8.62745098
400,59,2085,84,2.31,10.19607843,8.62745098
400.5,59,2085,84,2.1,10.19607843,7.843137255
401,59,2004.5,84,2.1,10.19607843,7.843137255
401.5,56,2004.5,84,1.96,10.19607843,7.843137255
402,56,2004.5,84,1.96,10.19607843,7.843137255
402.5,55,1916.25,84,1.96,10.19607843,7.843137255
403,55,1916.25,84,1.95,10.19607843,8.235294118
403.5,55,1832.75,84,1.95,10.19607843,8.235294118
404,52,1832.75,84,1.92,10.19607843,8.235294118
404.5,52,1832.75,84,1.92,10.19607843,8.62745098
405,49,1700.75,84,1.92,10.19607843,8.62745098
405.5,49,1700.75,84,1.95,10.19607843,10.19607843
406,49,1381.25,84,1.95,10.19607843,10.19607843
406.5,46,1381.25,84,1.96,10.19607843,10.19607843
407,46,1381.25,84,1.96,10.19607843,13.7254902
407.5,35,1015.5,84,1.96,10.19607843,13.7254902
408,35,1015.5,84,1.96,10.19607843,19.60784314
408.5,35,673.25,84,1.96,10.19607843,19.60784314
409,24,673.25,84,1.78,10.19607843,19.60784314
409.5,24,673.25,84,1.78,10.19607843,18.03921569
410,12,821,84,1.78,10.19607843,18.03921569
410.5,12,821,84,1.79,10.19607843,18.03921569
411,12,781.25,84,1.79,10.19607843,17.64705882
411.5,5,781.25,84,1.76,10.19607843,17.64705882
412,5,781.25,84,1.76,10.19607843,18.82352941
412.5,3,768.75,84,1.76,10.19607843,18.82352941
413,3,768.75,84,1.75,10.19607843,18.03921569
413.5,3,763.25,84,1.75,10.19607843,18.03921569
414,3,763.25,84,1.76,10.19607843,18.03921569
414.5,3,763.25,84,1.76,10.19607843,18.03921569
415,0,775,84,1.76,10.19607843,18.03921569
415.5,0,775,84,1.75,10.19607843,18.03921569
416,0,781.25,84,1.75,10.19607843,18.03921569
416.5,0,781.25,84,1.7,10.19607843,18.03921569
417,0,781.25,84,1.7,10.19607843,18.03921569
417.5,0,763.25,84,1.7,10.19607843,18.03921569
418,0,763.25,84,1.65,10.19607843,18.03921569
418.5,0,723.25,84,1.65,10.19607843,17.64705882
419,0,723.25,84,1.6,10.19607843,17.64705882
419.5,0,723.25,84,1.6,10.19607843,17.64705882
420,0,688.25,84,1.6,10.19607843,17.64705882
420.5,0,688.25,84,1.57,10.19607843,17.64705882
421,0,688.25,84,1.57,10.19607843,17.64705882
421.5,0,689.75,85,1.57,10.19607843,17.64705882
422,0,689.75,85,1.53,10.19607843,18.03921569
422.5,0,685.75,85,1.53,10.19607843,18.03921569
423,0,685.75,85,1.53,10.19607843,18.03921569
423.5,0,673.25,85,1.53,10.19607843,18.03921569
424,0,673.25,85,1.5,10.19607843,18.03921569
424.5,0,673.25,85,1.5,10.19607843,17.64705882
425,0,657,85,1.5,10.19607843,17.64705882
425.5,0,657,85,1.5,10.19607843,17.64705882
426,0,657,85,1.5,10.19607843,18.03921569
426.5,0,651.5,85,1.5,10.19607843,18.03921569
427,0,651.5,85,1.5,10.19607843,18.03921569
427.5,0,656.25,85,1.5,10.19607843,18.03921569
428,0,656.25,85,1.48,10.19607843,18.03921569
428.5,0,656.25,85,1.48,10.19607843,18.03921569
429,0,667.75,85,1.48,10.19607843,18.03921569
429.5,0,667.75,85,1.46,10.19607843,18.03921569
430,0,652.25,85,1.46,10.19607843,18.03921569
430.5,0,652.25,85,1.48,10.19607843,18.03921569
431,0,652.25,85,1.48,10.19607843,18.03921569
431.5,0,651.5,85,1.48,10.19607843,18.03921569
432,0,651.5,85,1.48,10.19607843,18.03921569
432.5,0,648.25,85,1.48,10.19607843,18.03921569
433,0,648.25,85,1.48,10.19607843,18.03921569
433.5,0,648.25,85,1.48,10.19607843,17.64705882
434,0,638.25,85,1.48,10.19607843,17.64705882
434.5,0,638.25,85,1.46,10.19607843,18.43137255
435,0,657,85,1.46,10.19607843,18.43137255
435.5,0,657,85,1.46,10.19607843,18.43137255
436,0,657,85,1.46,10.19607843,18.03921569
436.5,0,642,86,1.46,10.19607843,18.03921569
437,0,642,86,1.48,10.19607843,18.03921569
437.5,0,637.5,86,1.48,10.19607843,18.03921569
438,0,637.5,86,1.48,10.19607843,18.03921569
438.5,0,637.5,86,1.48,10.19607843,18.03921569
439,0,651.5,86,1.48,10.19607843,18.03921569
439.5,0,651.5,86,1.46,10.19607843,17.64705882
440,0,653.75,86,1.46,10.19607843,17.64705882
440.5,0,653.75,86,1.43,10.19607843,17.64705882
441,0,653.75,86,1.43,10.19607843,17.64705882
441.5,0,650,86,1.43,10.19607843,17.64705882
442,0,650,86,1.43,10.19607843,17.25490196
442.5,0,643.75,86,1.43,10.19607843,17.25490196
443,0,643.75,86,1.45,10.19607843,17.25490196
443.5,0,643.75,86,1.45,10.19607843,17.64705882
444,0,639.75,86,1.45,10.19607843,17.64705882
444.5,0,639.75,86,1.43,10.19607843,18.03921569
445,0,648.25,86,1.43,10.19607843,18.03921569
445.5,0,648.25,86,1.43,10.19607843,18.03921569
446,0,648.25,86,1.43,10.19607843,17.25490196
446.5,0,729.5,86,1.43,10.19607843,17.25490196
447,0,729.5,86,6.76,18.43137255,29.80392157
447.5,0,1219.5,86,6.76,18.43137255,29.80392157
448,4,1219.5,86,8.75,18.43137255,29.80392157
448.5,4,1219.5,86,8.75,21.96078431,53.33333333
449,10,1468.75,86,8.75,21.96078431,53.33333333
449.5,10,1468.75,87,10.6,21.96078431,53.33333333
450,10,2340.5,87,10.6,21.96078431,43.92156863
450.5,16,2340.5,87,12.17,21.96078431,43.92156863
451,16,2340.5,87,12.17,22.35294118,31.76470588
451.5,22,2678,87,12.17,22.35294118,31.76470588
452,22,2678,86,1.92,10.19607843,31.76470588
452.5,22,1478,86,1.92,10.19607843,8.235294118
453,23,1478,86,11.39,10.19607843,8.235294118
453.5,23,1478,86,11.39,25.09803922,56.47058824
454,22,1727.25,86,11.39,25.09803922,56.47058824
454.5,22,1727.25,86,13.23,25.09803922,56.47058824
455,22,1727.25,86,13.23,25.09803922,55.68627451
455.5,30,2085,85,13.37,25.09803922,55.68627451
456,30,2085,85,13.37,22.74509804,45.49019608
456.5,34,2343.75,85,13.37,22.74509804,45.49019608
457,34,2343.75,85,13.48,23.1372549,45.49019608
457.5,34,2343.75,85,13.48,23.1372549,42.74509804
458,38,2596.75,85,13.48,23.1372549,42.74509804
458.5,38,2596.75,85,4.04,10.19607843,6.666666667
459,40,2203,85,4.04,10.19607843,6.666666667
459.5,40,2203,85,13.5,23.92156863,6.666666667
460,40,1841.25,85,13.5,23.92156863,56.8627451
460.5,39,1841.25,85,8.76,23.92156863,56.8627451
461,39,1841.25,85,8.76,17.64705882,19.60784314
461.5,41,1889.75,85,8.76,17.64705882,19.60784314
462,41,1889.75,85,1.92,10.19607843,19.60784314
462.5,41,1889.75,85,1.92,10.19607843,8.235294118
463,39,1776.5,85,1.92,10.19607843,8.235294118
463.5,39,1776.5,85,1.96,10.19607843,9.411764706
464,39,1653,85,1.96,10.19607843,9.411764706
464.5,38,1653,85,1.96,10.19607843,9.411764706
465,38,1653,85,1.96,10.19607843,9.803921569
465.5,34,1539,85,1.96,10.19607843,9.803921569
466,34,1539,85,1.93,10.19607843,12.94117647
466.5,34,1425.75,85,1.93,10.19607843,12.94117647
467,33,1425.75,85,6.1,10.19607843,12.94117647
467.5,33,1425.75,85,6.1,15.68627451,21.17647059
468,32,1450.75,85,6.1,15.68627451,21.17647059
468.5,32,1450.75,85,1.84,10.19607843,21.17647059
469,32,1374,85,1.84,10.19607843,10.58823529
469.5,32,1374,85,2.6,10.19607843,10.58823529
470,32,1374,85,2.6,12.54901961,15.68627451
470.5,29,1295.25,85,2.6,12.54901961,15.68627451
471,29,1295.25,85,2.03,10.19607843,15.68627451
471.5,29,1295.25,85,2.03,10.19607843,11.76470588
472,27,1200.75,85,2.03,10.19607843,11.76470588
472.5,27,1200.75,85,1.85,10.19607843,12.94117647
473,25,1110,85,1.85,10.19607843,12.94117647
473.5,25,1110,85,1.85,12.15686275,12.94117647
474,25,1110,85,1.85,12.15686275,21.56862745
474.5,24,1047.5,85,1.85,12.15686275,21.56862745
475,24,1047.5,85,4.14,15.29411765,35.68627451
475.5,24,1025,85,4.14,15.29411765,35.68627451
476,22,1025,85,6.34,15.29411765,35.68627451
476.5,22,1025,85,6.34,18.03921569,47.45098039
477,22,1075.75,85,6.34,18.03921569,47.45098039
477.5,22,1075.75,85,6.35,18.43137255,47.45098039
478,22,1154.5,85,6.35,18.43137255,49.01960784
478.5,24,1154.5,85,7.92,18.43137255,49.01960784
479,24,1154.5,85,7.92,20.39215686,51.76470588
479.5,26,1271,85,7.92,20.39215686,51.76470588
480,26,1271,85,8.39,20.39215686,49.80392157
480.5,26,1373.25,85,8.39,20.39215686,49.80392157
481,28,1373.25,85,8.56,20.39215686,49.80392157
481.5,28,1373.25,85,8.56,20,34.11764706
482,30,1436.5,85,8.56,20,34.11764706
482.5,30,1436.5,85,1.85,10.19607843,34.11764706
483,30,1409.25,85,1.85,10.19607843,11.37254902
483.5,30,1409.25,85,5.84,10.19607843,11.37254902
484,30,1409.25,85,5.84,17.25490196,32.94117647
484.5,30,1392.75,85,5.84,17.25490196,32.94117647
485,30,1392.75,85,1.78,10.19607843,32.94117647
485.5,30,1326.5,85,1.78,10.19607843,10.58823529
486,29,1326.5,85,1.85,10.19607843,10.58823529
486.5,29,1326.5,85,1.85,10.19607843,11.37254902
487,28,1241.25,85,1.85,10.19607843,11.37254902
487.5,28,1241.25,85,1.95,10.19607843,11.37254902
488,28,1145.25,85,1.95,10.19607843,12.94117647
488.5,27,1145.25,85,1.95,10.19607843,12.94117647
489,27,1145.25,85,1.95,10.19607843,14.50980392
489.5,24,1053.75,85,1.95,10.19607843,14.50980392
490,24,1053.75,85,1.85,10.19607843,16.07843137
490.5,24,796.75,85,1.85,10.19607843,16.07843137
491,23,796.75,85,1.78,10.19607843,16.07843137
491.5,23,796.75,85,1.78,10.19607843,19.21568627
492,20,746.75,85,1.78,10.19607843,19.21568627
492.5,20,746.75,85,1.73,10.19607843,19.21568627
493,20,748.25,85,1.73,10.19607843,17.25490196
493.5,14,748.25,85,1.73,10.19607843,17.25490196
494,14,748.25,85,1.73,10.19607843,19.21568627
494.5,11,725.75,85,1.73,10.19607843,19.21568627
495,11,725.75,85,1.73,10.19607843,17.64705882
495.5,11,800,85,1.73,10.19607843,17.64705882
496,8,800,85,2.46,10.19607843,17.64705882
496.5,8,800,85,2.46,13.33333333,40.78431373
497,7,1022.5,85,2.46,13.33333333,40.78431373
497.5,7,1022.5,85,5.9,17.64705882,40.78431373
498,7,1525,85,5.9,17.64705882,33.33333333
498.5,11,1525,85,4.76,17.64705882,33.33333333
499,11,1525,85,4.76,14.90196078,16.8627451
499.5,13,1775,85,4.76,14.90196078,16.8627451
500,13,1775,85,2.51,11.76470588,10.58823529
500.5,13,1654.5,85,2.51,11.76470588,10.58823529
501,14,1654.5,85,2.28,11.76470588,10.58823529
501.5,14,1654.5,85,2.28,11.37254902,11.37254902
502,13,1411.5,85,2.28,11.37254902,11.37254902
502.5,13,1411.5,85,1.85,10.19607843,11.37254902
503,13,1151.5,85,1.85,10.19607843,11.76470588
503.5,10,1151.5,85,1.82,10.19607843,11.76470588
504,10,1151.5,85,1.82,10.19607843,14.50980392
504.5,9,907,85,1.82,10.19607843,14.50980392
505,9,907,85,2.29,13.33333333,14.50980392
505.5,9,861.5,85,2.29,13.33333333,28.23529412
506,7,861.5,84,3.07,13.33333333,28.23529412
506.5,7,861.5,84,3.07,10.19607843,27.45098039
507,6,877.25,84,3.07,10.19607843,27.45098039
507.5,6,877.25,84,1.78,10.19607843,27.45098039
508,6,837.5,84,1.78,10.19607843,16.8627451
508.5,5,837.5,84,1.78,10.19607843,16.8627451
509,5,837.5,84,1.78,10.19607843,18.43137255
509.5,3,732,84,1.78,10.19607843,18.43137255
510,3,732,84,1.89,10.19607843,18.43137255
510.5,3,732,84,1.89,10.19607843,19.21568627
511,3,792,84,1.89,10.19607843,19.21568627
511.5,3,792,84,1.73,10.19607843,16.8627451
512,0,785,84,1.73,10.19607843,16.8627451
512.5,0,785,84,1.73,10.19607843,16.8627451
513,0,785,84,1.73,10.19607843,17.64705882
513.5,0,785.75,84,1.73,10.19607843,17.64705882
514,0,785.75,84,1.71,10.19607843,17.25490196
